drug1_id,drug2_id,drug1_name,drug2_name,interaction_type,matched_toxicity_types,interaction_type_normalized
DB00014,DB00390,Goserelin,Digoxin,cardiotoxic activities,cardiotoxic activities,cardiotoxicity
DB00014,DB00511,Goserelin,Acetyldigitoxin,cardiotoxic activities,cardiotoxic activities,cardiotoxicity
DB00014,DB01078,Goserelin,Deslanoside,cardiotoxic activities,cardiotoxic activities,cardiotoxicity
DB00014,DB01092,Goserelin,Ouabain,cardiotoxic activities,cardiotoxic activities,cardiotoxicity
DB00014,DB01396,Goserelin,Digitoxin,cardiotoxic activities,cardiotoxic activities,cardiotoxicity
DB00014,DB00531,Goserelin,Cyclophosphamide,cardiotoxic activities,cardiotoxic activities,cardiotoxicity
DB00091,DB00529,Cyclosporine,Foscarnet,nephrotoxic activities,nephrotoxic activities,nephrotoxicity
DB00091,DB13783,Cyclosporine,Acemetacin,risk or severity of renal failure,risk or severity of renal failure,nephrotoxicity
DB00091,DB00864,Cyclosporine,Tacrolimus,nephrotoxic activities,nephrotoxic activities,nephrotoxicity
DB00091,DB00624,Cyclosporine,Testosterone,hepatotoxic activities,hepatotoxic activities,hepatotoxicity
DB00091,DB01185,Cyclosporine,Fluoxymesterone,hepatotoxic activities,hepatotoxic activities,hepatotoxicity
DB00091,DB01420,Cyclosporine,Testosterone propionate,hepatotoxic activities,hepatotoxic activities,hepatotoxicity
DB00091,DB01406,Cyclosporine,Danazol,hepatotoxic activities,hepatotoxic activities,hepatotoxicity
DB00091,DB13943,Cyclosporine,Testosterone cypionate,hepatotoxic activities,hepatotoxic activities,hepatotoxicity
DB00091,DB13944,Cyclosporine,Testosterone enanthate,hepatotoxic activities,hepatotoxic activities,hepatotoxicity
DB00091,DB13946,Cyclosporine,Testosterone undecanoate,hepatotoxic activities,hepatotoxic activities,hepatotoxicity
DB00091,DB00621,Cyclosporine,Oxandrolone,hepatotoxic activities,hepatotoxic activities,hepatotoxicity
DB00091,DB06412,Cyclosporine,Oxymetholone,hepatotoxic activities,hepatotoxic activities,hepatotoxicity
DB00091,DB06718,Cyclosporine,Stanozolol,hepatotoxic activities,hepatotoxic activities,hepatotoxicity
DB00091,DB06710,Cyclosporine,Methyltestosterone,hepatotoxic activities,hepatotoxic activities,hepatotoxicity
DB00091,DB08804,Cyclosporine,Nandrolone decanoate,hepatotoxic activities,hepatotoxic activities,hepatotoxicity
DB00091,DB00636,Cyclosporine,Clofibrate,nephrotoxic activities,nephrotoxic activities,nephrotoxicity
DB00091,DB01241,Cyclosporine,Gemfibrozil,nephrotoxic activities,nephrotoxic activities,nephrotoxicity
DB00091,DB01393,Cyclosporine,Bezafibrate,nephrotoxic activities,nephrotoxic activities,nephrotoxicity
DB00091,DB08983,Cyclosporine,Etofibrate,nephrotoxic activities,nephrotoxic activities,nephrotoxicity
DB00091,DB13873,Cyclosporine,Fenofibric acid,nephrotoxic activities,nephrotoxic activities,nephrotoxicity
DB00091,DB01039,Cyclosporine,Fenofibrate,nephrotoxic activities,nephrotoxic activities,nephrotoxicity
DB00091,DB09064,Cyclosporine,Ciprofibrate,nephrotoxic activities,nephrotoxic activities,nephrotoxicity
DB00091,DB00465,Cyclosporine,Ketorolac,nephrotoxic activities,nephrotoxic activities,nephrotoxicity
DB00091,DB00586,Cyclosporine,Diclofenac,nephrotoxic activities,nephrotoxic activities,nephrotoxicity
DB00091,DB00712,Cyclosporine,Flurbiprofen,nephrotoxic activities,nephrotoxic activities,nephrotoxicity
DB00091,DB00963,Cyclosporine,Bromfenac,nephrotoxic activities,nephrotoxic activities,nephrotoxicity
DB00091,DB06802,Cyclosporine,Nepafenac,nephrotoxic activities,nephrotoxic activities,nephrotoxicity
DB00091,DB00179,Cyclosporine,Masoprocol,nephrotoxic activities,nephrotoxic activities,nephrotoxicity
DB00091,DB00210,Cyclosporine,Adapalene,nephrotoxic activities,nephrotoxic activities,nephrotoxicity
DB00091,DB00244,Cyclosporine,Mesalazine,nephrotoxic activities,nephrotoxic activities,nephrotoxicity
DB00091,DB00328,Cyclosporine,Indomethacin,nephrotoxic activities,nephrotoxic activities,nephrotoxicity
DB00091,DB00461,Cyclosporine,Nabumetone,nephrotoxic activities,nephrotoxic activities,nephrotoxicity
DB00091,DB00469,Cyclosporine,Tenoxicam,nephrotoxic activities,nephrotoxic activities,nephrotoxicity
DB00091,DB00482,Cyclosporine,Celecoxib,nephrotoxic activities,nephrotoxic activities,nephrotoxicity
DB00091,DB00500,Cyclosporine,Tolmetin,nephrotoxic activities,nephrotoxic activities,nephrotoxicity
DB00091,DB00533,Cyclosporine,Rofecoxib,nephrotoxic activities,nephrotoxic activities,nephrotoxicity
DB00091,DB00554,Cyclosporine,Piroxicam,nephrotoxic activities,nephrotoxic activities,nephrotoxicity
DB00091,DB00573,Cyclosporine,Fenoprofen,nephrotoxic activities,nephrotoxic activities,nephrotoxicity
DB00091,DB00580,Cyclosporine,Valdecoxib,nephrotoxic activities,nephrotoxic activities,nephrotoxicity
DB00091,DB00605,Cyclosporine,Sulindac,nephrotoxic activities,nephrotoxic activities,nephrotoxicity
DB00091,DB00608,Cyclosporine,Chloroquine,nephrotoxic activities,nephrotoxic activities,nephrotoxicity
DB00091,DB00688,Cyclosporine,Mycophenolate mofetil,nephrotoxic activities,nephrotoxic activities,nephrotoxicity
DB00091,DB00744,Cyclosporine,Zileuton,nephrotoxic activities,nephrotoxic activities,nephrotoxicity
DB00091,DB00749,Cyclosporine,Etodolac,nephrotoxic activities,nephrotoxic activities,nephrotoxicity
DB00091,DB00768,Cyclosporine,Olopatadine,nephrotoxic activities,nephrotoxic activities,nephrotoxicity
DB00091,DB00784,Cyclosporine,Mefenamic acid,nephrotoxic activities,nephrotoxic activities,nephrotoxicity
DB00091,DB00788,Cyclosporine,Naproxen,nephrotoxic activities,nephrotoxic activities,nephrotoxicity
DB00091,DB00795,Cyclosporine,Sulfasalazine,nephrotoxic activities,nephrotoxic activities,nephrotoxicity
DB00091,DB00812,Cyclosporine,Phenylbutazone,nephrotoxic activities,nephrotoxic activities,nephrotoxicity
DB00091,DB00814,Cyclosporine,Meloxicam,nephrotoxic activities,nephrotoxic activities,nephrotoxicity
DB00091,DB00821,Cyclosporine,Carprofen,nephrotoxic activities,nephrotoxic activities,nephrotoxicity
DB00091,DB00861,Cyclosporine,Diflunisal,nephrotoxic activities,nephrotoxic activities,nephrotoxicity
DB00091,DB00870,Cyclosporine,Suprofen,nephrotoxic activities,nephrotoxic activities,nephrotoxicity
DB00091,DB00939,Cyclosporine,Meclofenamic acid,nephrotoxic activities,nephrotoxic activities,nephrotoxicity
DB00091,DB00945,Cyclosporine,Acetylsalicylic acid,nephrotoxic activities,nephrotoxic activities,nephrotoxicity
DB00091,DB00972,Cyclosporine,Azelastine,nephrotoxic activities,nephrotoxic activities,nephrotoxicity
DB00091,DB00991,Cyclosporine,Oxaprozin,nephrotoxic activities,nephrotoxic activities,nephrotoxicity
DB00091,DB01009,Cyclosporine,Ketoprofen,nephrotoxic activities,nephrotoxic activities,nephrotoxicity
DB00091,DB01014,Cyclosporine,Balsalazide,nephrotoxic activities,nephrotoxic activities,nephrotoxicity
DB00091,DB01050,Cyclosporine,Ibuprofen,nephrotoxic activities,nephrotoxic activities,nephrotoxicity
DB00091,DB01250,Cyclosporine,Olsalazine,nephrotoxic activities,nephrotoxic activities,nephrotoxicity
DB00091,DB01283,Cyclosporine,Lumiracoxib,nephrotoxic activities,nephrotoxic activities,nephrotoxicity
DB00091,DB01397,Cyclosporine,Magnesium salicylate,nephrotoxic activities,nephrotoxic activities,nephrotoxicity
DB00091,DB01399,Cyclosporine,Salsalate,nephrotoxic activities,nephrotoxic activities,nephrotoxicity
DB00091,DB01401,Cyclosporine,Choline magnesium trisalicylate,nephrotoxic activities,nephrotoxic activities,nephrotoxicity
DB00091,DB01435,Cyclosporine,Antipyrine,nephrotoxic activities,nephrotoxic activities,nephrotoxicity
DB00091,DB01600,Cyclosporine,Tiaprofenic acid,nephrotoxic activities,nephrotoxic activities,nephrotoxicity
DB00091,DB01628,Cyclosporine,Etoricoxib,nephrotoxic activities,nephrotoxic activities,nephrotoxicity
DB00091,DB02709,Cyclosporine,Resveratrol,nephrotoxic activities,nephrotoxic activities,nephrotoxicity
DB00091,DB03585,Cyclosporine,Oxyphenbutazone,nephrotoxic activities,nephrotoxic activities,nephrotoxicity
DB00091,DB04552,Cyclosporine,Niflumic Acid,nephrotoxic activities,nephrotoxic activities,nephrotoxicity
DB00091,DB04743,Cyclosporine,Nimesulide,nephrotoxic activities,nephrotoxic activities,nephrotoxicity
DB00091,DB04817,Cyclosporine,Metamizole,nephrotoxic activities,nephrotoxic activities,nephrotoxicity
DB00091,DB04951,Cyclosporine,Pirfenidone,nephrotoxic activities,nephrotoxic activities,nephrotoxicity
DB00091,DB05676,Cyclosporine,Apremilast,nephrotoxic activities,nephrotoxic activities,nephrotoxicity
DB00091,DB06196,Cyclosporine,Icatibant,nephrotoxic activities,nephrotoxic activities,nephrotoxicity
DB00091,DB06725,Cyclosporine,Lornoxicam,nephrotoxic activities,nephrotoxic activities,nephrotoxicity
DB00091,DB06736,Cyclosporine,Aceclofenac,nephrotoxic activities,nephrotoxic activities,nephrotoxicity
DB00091,DB06737,Cyclosporine,Zaltoprofen,nephrotoxic activities,nephrotoxic activities,nephrotoxicity
DB00091,DB06739,Cyclosporine,Seratrodast,nephrotoxic activities,nephrotoxic activities,nephrotoxicity
DB00091,DB07615,Cyclosporine,Tranilast,nephrotoxic activities,nephrotoxic activities,nephrotoxicity
DB00091,DB08439,Cyclosporine,Parecoxib,nephrotoxic activities,nephrotoxic activities,nephrotoxicity
DB00091,DB08797,Cyclosporine,Salicylamide,nephrotoxic activities,nephrotoxic activities,nephrotoxicity
DB00091,DB08880,Cyclosporine,Teriflunomide,nephrotoxic activities,nephrotoxic activities,nephrotoxicity
DB00091,DB08976,Cyclosporine,Floctafenine,nephrotoxic activities,nephrotoxic activities,nephrotoxicity
DB00091,DB08981,Cyclosporine,Fenbufen,nephrotoxic activities,nephrotoxic activities,nephrotoxicity
DB00091,DB08984,Cyclosporine,Etofenamate,nephrotoxic activities,nephrotoxic activities,nephrotoxicity
DB00091,DB08991,Cyclosporine,Epirizole,nephrotoxic activities,nephrotoxic activities,nephrotoxicity
DB00091,DB09212,Cyclosporine,Loxoprofen,nephrotoxic activities,nephrotoxic activities,nephrotoxicity
DB00091,DB09216,Cyclosporine,Tolfenamic Acid,nephrotoxic activities,nephrotoxic activities,nephrotoxicity
DB00091,DB09218,Cyclosporine,Clonixin,nephrotoxic activities,nephrotoxic activities,nephrotoxicity
DB00091,DB09288,Cyclosporine,Propacetamol,nephrotoxic activities,nephrotoxic activities,nephrotoxicity
DB00091,DB11672,Cyclosporine,Curcumin,nephrotoxic activities,nephrotoxic activities,nephrotoxicity
DB00091,DB13063,Cyclosporine,Parthenolide,nephrotoxic activities,nephrotoxic activities,nephrotoxicity
DB00091,DB13167,Cyclosporine,Alclofenac,nephrotoxic activities,nephrotoxic activities,nephrotoxicity
DB00091,DB13346,Cyclosporine,Bufexamac,nephrotoxic activities,nephrotoxic activities,nephrotoxicity
DB00091,DB09084,Cyclosporine,Benzydamine,nephrotoxic activities,nephrotoxic activities,nephrotoxicity
DB00091,DB01598,Cyclosporine,Imipenem,neurotoxic activities,neurotoxic activities,neurotoxicity
DB00091,DB01042,Cyclosporine,Melphalan,nephrotoxic activities,nephrotoxic activities,nephrotoxicity
DB00091,DB00479,Cyclosporine,Amikacin,nephrotoxic activities,nephrotoxic activities,nephrotoxicity
DB00091,DB00684,Cyclosporine,Tobramycin,nephrotoxic activities,nephrotoxic activities,nephrotoxicity
DB00091,DB00798,Cyclosporine,Gentamicin,nephrotoxic activities,nephrotoxic activities,nephrotoxicity
DB00091,DB01082,Cyclosporine,Streptomycin,nephrotoxic activities,nephrotoxic activities,nephrotoxicity
DB00091,DB00452,Cyclosporine,Framycetin,nephrotoxic activities,nephrotoxic activities,nephrotoxicity
DB00091,DB00955,Cyclosporine,Netilmicin,nephrotoxic activities,nephrotoxic activities,nephrotoxicity
DB00091,DB01172,Cyclosporine,Kanamycin,nephrotoxic activities,nephrotoxic activities,nephrotoxicity
DB00091,DB01421,Cyclosporine,Paromomycin,nephrotoxic activities,nephrotoxic activities,nephrotoxicity
DB00091,DB03615,Cyclosporine,Ribostamycin,nephrotoxic activities,nephrotoxic activities,nephrotoxicity
DB00091,DB06696,Cyclosporine,Arbekacin,nephrotoxic activities,nephrotoxic activities,nephrotoxicity
DB00091,DB12615,Cyclosporine,Plazomicin,nephrotoxic activities,nephrotoxic activities,nephrotoxicity
DB00091,DB00263,Cyclosporine,Sulfisoxazole,nephrotoxic activities,nephrotoxic activities,nephrotoxicity
DB00091,DB00359,Cyclosporine,Sulfadiazine,nephrotoxic activities,nephrotoxic activities,nephrotoxicity
DB00091,DB01015,Cyclosporine,Sulfamethoxazole,nephrotoxic activities,nephrotoxic activities,nephrotoxicity
DB00091,DB00681,Cyclosporine,Amphotericin B,nephrotoxic activities,nephrotoxic activities,nephrotoxicity
DB00104,DB00390,Octreotide,Digoxin,cardiotoxic activities,cardiotoxic activities,cardiotoxicity
DB00104,DB00511,Octreotide,Acetyldigitoxin,cardiotoxic activities,cardiotoxic activities,cardiotoxicity
DB00104,DB01078,Octreotide,Deslanoside,cardiotoxic activities,cardiotoxic activities,cardiotoxicity
DB00104,DB01092,Octreotide,Ouabain,cardiotoxic activities,cardiotoxic activities,cardiotoxicity
DB00104,DB01396,Octreotide,Digitoxin,cardiotoxic activities,cardiotoxic activities,cardiotoxicity
DB00104,DB00531,Octreotide,Cyclophosphamide,cardiotoxic activities,cardiotoxic activities,cardiotoxicity
DB00162,DB00390,Vitamin A,Digoxin,cardiotoxic activities,cardiotoxic activities,cardiotoxicity
DB00162,DB00511,Vitamin A,Acetyldigitoxin,cardiotoxic activities,cardiotoxic activities,cardiotoxicity
DB00162,DB01078,Vitamin A,Deslanoside,cardiotoxic activities,cardiotoxic activities,cardiotoxicity
DB00162,DB01092,Vitamin A,Ouabain,cardiotoxic activities,cardiotoxic activities,cardiotoxicity
DB00162,DB01396,Vitamin A,Digitoxin,cardiotoxic activities,cardiotoxic activities,cardiotoxicity
DB00162,DB00531,Vitamin A,Cyclophosphamide,cardiotoxic activities,cardiotoxic activities,cardiotoxicity
DB00177,DB09449,Valsartan,Sodium phosphate,nephrotoxic activities,nephrotoxic activities,nephrotoxicity
DB00178,DB09449,Ramipril,Sodium phosphate,nephrotoxic activities,nephrotoxic activities,nephrotoxicity
DB00178,DB08907,Ramipril,Canagliflozin,risk or severity of renal failure and hyperkalemia,risk or severity of renal failure,nephrotoxicity
DB00179,DB09449,Masoprocol,Sodium phosphate,nephrotoxic activities,nephrotoxic activities,nephrotoxicity
DB00179,DB00511,Masoprocol,Acetyldigitoxin,cardiotoxic activities,cardiotoxic activities,cardiotoxicity
DB00179,DB01078,Masoprocol,Deslanoside,cardiotoxic activities,cardiotoxic activities,cardiotoxicity
DB00179,DB01092,Masoprocol,Ouabain,cardiotoxic activities,cardiotoxic activities,cardiotoxicity
DB00179,DB01396,Masoprocol,Digitoxin,cardiotoxic activities,cardiotoxic activities,cardiotoxicity
DB00179,DB00531,Masoprocol,Cyclophosphamide,cardiotoxic activities,cardiotoxic activities,cardiotoxicity
DB00179,DB01250,Masoprocol,Olsalazine,nephrotoxic activities,nephrotoxic activities,nephrotoxicity
DB00179,DB00864,Masoprocol,Tacrolimus,nephrotoxic activities,nephrotoxic activities,nephrotoxicity
DB00182,DB00289,Amphetamine,Atomoxetine,central neurotoxic activities,neurotoxic activities;central neurotoxic activities,neurotoxicity
DB00188,DB00390,Bortezomib,Digoxin,cardiotoxic activities,cardiotoxic activities,cardiotoxicity
DB00188,DB00511,Bortezomib,Acetyldigitoxin,cardiotoxic activities,cardiotoxic activities,cardiotoxicity
DB00188,DB01078,Bortezomib,Deslanoside,cardiotoxic activities,cardiotoxic activities,cardiotoxicity
DB00188,DB01092,Bortezomib,Ouabain,cardiotoxic activities,cardiotoxic activities,cardiotoxicity
DB00188,DB01396,Bortezomib,Digitoxin,cardiotoxic activities,cardiotoxic activities,cardiotoxicity
DB00188,DB00531,Bortezomib,Cyclophosphamide,cardiotoxic activities,cardiotoxic activities,cardiotoxicity
DB00210,DB09449,Adapalene,Sodium phosphate,nephrotoxic activities,nephrotoxic activities,nephrotoxicity
DB00210,DB01250,Adapalene,Olsalazine,nephrotoxic activities,nephrotoxic activities,nephrotoxicity
DB00210,DB00864,Adapalene,Tacrolimus,nephrotoxic activities,nephrotoxic activities,nephrotoxicity
DB00214,DB09449,Torasemide,Sodium phosphate,nephrotoxic activities,nephrotoxic activities,nephrotoxicity
DB00214,DB00515,Torasemide,Cisplatin,risk or severity of ototoxicity and nephrotoxicity,risk or severity of ototoxicity and nephrotoxicity,nephrotoxicity
DB00218,DB00390,Moxifloxacin,Digoxin,cardiotoxic activities,cardiotoxic activities,cardiotoxicity
DB00218,DB00511,Moxifloxacin,Acetyldigitoxin,cardiotoxic activities,cardiotoxic activities,cardiotoxicity
DB00218,DB01078,Moxifloxacin,Deslanoside,cardiotoxic activities,cardiotoxic activities,cardiotoxicity
DB00218,DB01092,Moxifloxacin,Ouabain,cardiotoxic activities,cardiotoxic activities,cardiotoxicity
DB00218,DB01396,Moxifloxacin,Digitoxin,cardiotoxic activities,cardiotoxic activities,cardiotoxicity
DB00218,DB00531,Moxifloxacin,Cyclophosphamide,cardiotoxic activities,cardiotoxic activities,cardiotoxicity
DB00229,DB00479,Cefotiam,Amikacin,nephrotoxic activities,nephrotoxic activities,nephrotoxicity
DB00229,DB00684,Cefotiam,Tobramycin,nephrotoxic activities,nephrotoxic activities,nephrotoxicity
DB00229,DB00798,Cefotiam,Gentamicin,nephrotoxic activities,nephrotoxic activities,nephrotoxicity
DB00229,DB01082,Cefotiam,Streptomycin,nephrotoxic activities,nephrotoxic activities,nephrotoxicity
DB00229,DB00452,Cefotiam,Framycetin,nephrotoxic activities,nephrotoxic activities,nephrotoxicity
DB00229,DB00955,Cefotiam,Netilmicin,nephrotoxic activities,nephrotoxic activities,nephrotoxicity
DB00229,DB01172,Cefotiam,Kanamycin,nephrotoxic activities,nephrotoxic activities,nephrotoxicity
DB00229,DB01421,Cefotiam,Paromomycin,nephrotoxic activities,nephrotoxic activities,nephrotoxicity
DB00229,DB03615,Cefotiam,Ribostamycin,nephrotoxic activities,nephrotoxic activities,nephrotoxicity
DB00229,DB06696,Cefotiam,Arbekacin,nephrotoxic activities,nephrotoxic activities,nephrotoxicity
DB00229,DB12615,Cefotiam,Plazomicin,nephrotoxic activities,nephrotoxic activities,nephrotoxicity
DB00232,DB09449,Methyclothiazide,Sodium phosphate,nephrotoxic activities,nephrotoxic activities,nephrotoxicity
DB00232,DB00515,Methyclothiazide,Cisplatin,risk or severity of ototoxicity and nephrotoxicity,risk or severity of ototoxicity and nephrotoxicity,nephrotoxicity
DB00236,DB00390,Pipobroman,Digoxin,cardiotoxic activities,cardiotoxic activities,cardiotoxicity
DB00236,DB00511,Pipobroman,Acetyldigitoxin,cardiotoxic activities,cardiotoxic activities,cardiotoxicity
DB00236,DB01078,Pipobroman,Deslanoside,cardiotoxic activities,cardiotoxic activities,cardiotoxicity
DB00236,DB01092,Pipobroman,Ouabain,cardiotoxic activities,cardiotoxic activities,cardiotoxicity
DB00236,DB01396,Pipobroman,Digitoxin,cardiotoxic activities,cardiotoxic activities,cardiotoxicity
DB00236,DB00531,Pipobroman,Cyclophosphamide,cardiotoxic activities,cardiotoxic activities,cardiotoxicity
DB00242,DB00390,Cladribine,Digoxin,cardiotoxic activities,cardiotoxic activities,cardiotoxicity
DB00242,DB00511,Cladribine,Acetyldigitoxin,cardiotoxic activities,cardiotoxic activities,cardiotoxicity
DB00242,DB01078,Cladribine,Deslanoside,cardiotoxic activities,cardiotoxic activities,cardiotoxicity
DB00242,DB01092,Cladribine,Ouabain,cardiotoxic activities,cardiotoxic activities,cardiotoxicity
DB00242,DB01396,Cladribine,Digitoxin,cardiotoxic activities,cardiotoxic activities,cardiotoxicity
DB00242,DB00531,Cladribine,Cyclophosphamide,cardiotoxic activities,cardiotoxic activities,cardiotoxicity
DB00244,DB09449,Mesalazine,Sodium phosphate,nephrotoxic activities,nephrotoxic activities,nephrotoxicity
DB00244,DB00864,Mesalazine,Tacrolimus,nephrotoxic activities,nephrotoxic activities,nephrotoxicity
DB00248,DB00390,Cabergoline,Digoxin,cardiotoxic activities,cardiotoxic activities,cardiotoxicity
DB00248,DB00511,Cabergoline,Acetyldigitoxin,cardiotoxic activities,cardiotoxic activities,cardiotoxicity
DB00248,DB01078,Cabergoline,Deslanoside,cardiotoxic activities,cardiotoxic activities,cardiotoxicity
DB00248,DB01092,Cabergoline,Ouabain,cardiotoxic activities,cardiotoxic activities,cardiotoxicity
DB00248,DB01396,Cabergoline,Digitoxin,cardiotoxic activities,cardiotoxic activities,cardiotoxicity
DB00248,DB00531,Cabergoline,Cyclophosphamide,cardiotoxic activities,cardiotoxic activities,cardiotoxicity
DB00252,DB01284,Phenytoin,Tetracosactide,hepatotoxic activities,hepatotoxic activities,hepatotoxicity
DB00254,DB05528,Doxycycline,Mipomersen,hepatotoxic activities,hepatotoxic activities,hepatotoxicity
DB00255,DB00390,Diethylstilbestrol,Digoxin,cardiotoxic activities,cardiotoxic activities,cardiotoxicity
DB00255,DB00511,Diethylstilbestrol,Acetyldigitoxin,cardiotoxic activities,cardiotoxic activities,cardiotoxicity
DB00255,DB01078,Diethylstilbestrol,Deslanoside,cardiotoxic activities,cardiotoxic activities,cardiotoxicity
DB00255,DB01092,Diethylstilbestrol,Ouabain,cardiotoxic activities,cardiotoxic activities,cardiotoxicity
DB00255,DB01396,Diethylstilbestrol,Digitoxin,cardiotoxic activities,cardiotoxic activities,cardiotoxicity
DB00255,DB00531,Diethylstilbestrol,Cyclophosphamide,cardiotoxic activities,cardiotoxic activities,cardiotoxicity
DB00260,DB00898,Cycloserine,Ethanol,neurotoxic activities,neurotoxic activities,neurotoxicity
DB00261,DB00390,Anagrelide,Digoxin,cardiotoxic activities,cardiotoxic activities,cardiotoxicity
DB00261,DB00511,Anagrelide,Acetyldigitoxin,cardiotoxic activities,cardiotoxic activities,cardiotoxicity
DB00261,DB01078,Anagrelide,Deslanoside,cardiotoxic activities,cardiotoxic activities,cardiotoxicity
DB00261,DB01092,Anagrelide,Ouabain,cardiotoxic activities,cardiotoxic activities,cardiotoxicity
DB00261,DB01396,Anagrelide,Digitoxin,cardiotoxic activities,cardiotoxic activities,cardiotoxicity
DB00261,DB00531,Anagrelide,Cyclophosphamide,cardiotoxic activities,cardiotoxic activities,cardiotoxicity
DB00262,DB00390,Carmustine,Digoxin,cardiotoxic activities,cardiotoxic activities,cardiotoxicity
DB00262,DB00511,Carmustine,Acetyldigitoxin,cardiotoxic activities,cardiotoxic activities,cardiotoxicity
DB00262,DB01078,Carmustine,Deslanoside,cardiotoxic activities,cardiotoxic activities,cardiotoxicity
DB00262,DB01092,Carmustine,Ouabain,cardiotoxic activities,cardiotoxic activities,cardiotoxicity
DB00262,DB01396,Carmustine,Digitoxin,cardiotoxic activities,cardiotoxic activities,cardiotoxicity
DB00262,DB00531,Carmustine,Cyclophosphamide,cardiotoxic activities,cardiotoxic activities,cardiotoxicity
DB00267,DB00479,Cefmenoxime,Amikacin,nephrotoxic activities,nephrotoxic activities,nephrotoxicity
DB00267,DB00684,Cefmenoxime,Tobramycin,nephrotoxic activities,nephrotoxic activities,nephrotoxicity
DB00267,DB00798,Cefmenoxime,Gentamicin,nephrotoxic activities,nephrotoxic activities,nephrotoxicity
DB00267,DB01082,Cefmenoxime,Streptomycin,nephrotoxic activities,nephrotoxic activities,nephrotoxicity
DB00267,DB00452,Cefmenoxime,Framycetin,nephrotoxic activities,nephrotoxic activities,nephrotoxicity
DB00267,DB00955,Cefmenoxime,Netilmicin,nephrotoxic activities,nephrotoxic activities,nephrotoxicity
DB00267,DB01172,Cefmenoxime,Kanamycin,nephrotoxic activities,nephrotoxic activities,nephrotoxicity
DB00267,DB01421,Cefmenoxime,Paromomycin,nephrotoxic activities,nephrotoxic activities,nephrotoxicity
DB00267,DB03615,Cefmenoxime,Ribostamycin,nephrotoxic activities,nephrotoxic activities,nephrotoxicity
DB00267,DB06696,Cefmenoxime,Arbekacin,nephrotoxic activities,nephrotoxic activities,nephrotoxicity
DB00267,DB12615,Cefmenoxime,Plazomicin,nephrotoxic activities,nephrotoxic activities,nephrotoxicity
DB00274,DB00479,Cefmetazole,Amikacin,nephrotoxic activities,nephrotoxic activities,nephrotoxicity
DB00274,DB00684,Cefmetazole,Tobramycin,nephrotoxic activities,nephrotoxic activities,nephrotoxicity
DB00274,DB00798,Cefmetazole,Gentamicin,nephrotoxic activities,nephrotoxic activities,nephrotoxicity
DB00274,DB01082,Cefmetazole,Streptomycin,nephrotoxic activities,nephrotoxic activities,nephrotoxicity
DB00274,DB00452,Cefmetazole,Framycetin,nephrotoxic activities,nephrotoxic activities,nephrotoxicity
DB00274,DB00955,Cefmetazole,Netilmicin,nephrotoxic activities,nephrotoxic activities,nephrotoxicity
DB00274,DB01172,Cefmetazole,Kanamycin,nephrotoxic activities,nephrotoxic activities,nephrotoxicity
DB00274,DB01421,Cefmetazole,Paromomycin,nephrotoxic activities,nephrotoxic activities,nephrotoxicity
DB00274,DB03615,Cefmetazole,Ribostamycin,nephrotoxic activities,nephrotoxic activities,nephrotoxicity
DB00274,DB06696,Cefmetazole,Arbekacin,nephrotoxic activities,nephrotoxic activities,nephrotoxicity
DB00274,DB12615,Cefmetazole,Plazomicin,nephrotoxic activities,nephrotoxic activities,nephrotoxicity
DB00275,DB09449,Olmesartan,Sodium phosphate,nephrotoxic activities,nephrotoxic activities,nephrotoxicity
DB00276,DB00390,Amsacrine,Digoxin,cardiotoxic activities,cardiotoxic activities,cardiotoxicity
DB00276,DB00511,Amsacrine,Acetyldigitoxin,cardiotoxic activities,cardiotoxic activities,cardiotoxicity
DB00276,DB01078,Amsacrine,Deslanoside,cardiotoxic activities,cardiotoxic activities,cardiotoxicity
DB00276,DB01092,Amsacrine,Ouabain,cardiotoxic activities,cardiotoxic activities,cardiotoxicity
DB00276,DB01396,Amsacrine,Digitoxin,cardiotoxic activities,cardiotoxic activities,cardiotoxicity
DB00276,DB00531,Amsacrine,Cyclophosphamide,cardiotoxic activities,cardiotoxic activities,cardiotoxicity
DB00282,DB00390,Pamidronate,Digoxin,cardiotoxic activities,cardiotoxic activities,cardiotoxicity
DB00282,DB00511,Pamidronate,Acetyldigitoxin,cardiotoxic activities,cardiotoxic activities,cardiotoxicity
DB00282,DB01078,Pamidronate,Deslanoside,cardiotoxic activities,cardiotoxic activities,cardiotoxicity
DB00282,DB01092,Pamidronate,Ouabain,cardiotoxic activities,cardiotoxic activities,cardiotoxicity
DB00282,DB01396,Pamidronate,Digitoxin,cardiotoxic activities,cardiotoxic activities,cardiotoxicity
DB00282,DB00531,Pamidronate,Cyclophosphamide,cardiotoxic activities,cardiotoxic activities,cardiotoxicity
DB00282,DB01041,Pamidronate,Thalidomide,nephrotoxic activities,nephrotoxic activities,nephrotoxicity
DB00289,DB00752,Atomoxetine,Tranylcypromine,central neurotoxic activities,neurotoxic activities;central neurotoxic activities,neurotoxicity
DB00289,DB00780,Atomoxetine,Phenelzine,central neurotoxic activities,neurotoxic activities;central neurotoxic activities,neurotoxicity
DB00289,DB01037,Atomoxetine,Selegiline,central neurotoxic activities,neurotoxic activities;central neurotoxic activities,neurotoxicity
DB00289,DB01171,Atomoxetine,Moclobemide,central neurotoxic activities,neurotoxic activities;central neurotoxic activities,neurotoxicity
DB00289,DB01247,Atomoxetine,Isocarboxazid,central neurotoxic activities,neurotoxic activities;central neurotoxic activities,neurotoxicity
DB00289,DB01367,Atomoxetine,Rasagiline,central neurotoxic activities,neurotoxic activities;central neurotoxic activities,neurotoxicity
DB00289,DB01626,Atomoxetine,Pargyline,central neurotoxic activities,neurotoxic activities;central neurotoxic activities,neurotoxicity
DB00289,DB00805,Atomoxetine,Minaprine,central neurotoxic activities,neurotoxic activities;central neurotoxic activities,neurotoxicity
DB00289,DB09244,Atomoxetine,Pirlindole,central neurotoxic activities,neurotoxic activities;central neurotoxic activities,neurotoxicity
DB00289,DB09245,Atomoxetine,Toloxatone,central neurotoxic activities,neurotoxic activities;central neurotoxic activities,neurotoxicity
DB00289,DB09241,Atomoxetine,Methylene blue,central neurotoxic activities,neurotoxic activities;central neurotoxic activities,neurotoxicity
DB00289,DB00614,Atomoxetine,Furazolidone,central neurotoxic activities,neurotoxic activities;central neurotoxic activities,neurotoxicity
DB00289,DB00721,Atomoxetine,Procaine,central neurotoxic activities,neurotoxic activities;central neurotoxic activities,neurotoxicity
DB00289,DB01168,Atomoxetine,Procarbazine,central neurotoxic activities,neurotoxic activities;central neurotoxic activities,neurotoxicity
DB00290,DB00390,Bleomycin,Digoxin,cardiotoxic activities,cardiotoxic activities,cardiotoxicity
DB00290,DB00511,Bleomycin,Acetyldigitoxin,cardiotoxic activities,cardiotoxic activities,cardiotoxicity
DB00290,DB01078,Bleomycin,Deslanoside,cardiotoxic activities,cardiotoxic activities,cardiotoxicity
DB00290,DB01092,Bleomycin,Ouabain,cardiotoxic activities,cardiotoxic activities,cardiotoxicity
DB00290,DB01396,Bleomycin,Digitoxin,cardiotoxic activities,cardiotoxic activities,cardiotoxicity
DB00290,DB00531,Bleomycin,Cyclophosphamide,cardiotoxic activities,cardiotoxic activities,cardiotoxicity
DB00291,DB00390,Chlorambucil,Digoxin,cardiotoxic activities,cardiotoxic activities,cardiotoxicity
DB00291,DB00511,Chlorambucil,Acetyldigitoxin,cardiotoxic activities,cardiotoxic activities,cardiotoxicity
DB00291,DB01078,Chlorambucil,Deslanoside,cardiotoxic activities,cardiotoxic activities,cardiotoxicity
DB00291,DB01092,Chlorambucil,Ouabain,cardiotoxic activities,cardiotoxic activities,cardiotoxicity
DB00291,DB01396,Chlorambucil,Digitoxin,cardiotoxic activities,cardiotoxic activities,cardiotoxicity
DB00291,DB00531,Chlorambucil,Cyclophosphamide,cardiotoxic activities,cardiotoxic activities,cardiotoxicity
DB00293,DB00390,Raltitrexed,Digoxin,cardiotoxic activities,cardiotoxic activities,cardiotoxicity
DB00293,DB00511,Raltitrexed,Acetyldigitoxin,cardiotoxic activities,cardiotoxic activities,cardiotoxicity
DB00293,DB01078,Raltitrexed,Deslanoside,cardiotoxic activities,cardiotoxic activities,cardiotoxicity
DB00293,DB01092,Raltitrexed,Ouabain,cardiotoxic activities,cardiotoxic activities,cardiotoxicity
DB00293,DB01396,Raltitrexed,Digitoxin,cardiotoxic activities,cardiotoxic activities,cardiotoxicity
DB00293,DB00531,Raltitrexed,Cyclophosphamide,cardiotoxic activities,cardiotoxic activities,cardiotoxicity
DB00300,DB01601,Tenofovir disoproxil,Lopinavir,nephrotoxic activities,nephrotoxic activities,nephrotoxicity
DB00305,DB00390,Mitomycin,Digoxin,cardiotoxic activities,cardiotoxic activities,cardiotoxicity
DB00305,DB00511,Mitomycin,Acetyldigitoxin,cardiotoxic activities,cardiotoxic activities,cardiotoxicity
DB00305,DB01078,Mitomycin,Deslanoside,cardiotoxic activities,cardiotoxic activities,cardiotoxicity
DB00305,DB01092,Mitomycin,Ouabain,cardiotoxic activities,cardiotoxic activities,cardiotoxicity
DB00305,DB01396,Mitomycin,Digitoxin,cardiotoxic activities,cardiotoxic activities,cardiotoxicity
DB00305,DB00531,Mitomycin,Cyclophosphamide,cardiotoxic activities,cardiotoxic activities,cardiotoxicity
DB00307,DB00390,Bexarotene,Digoxin,cardiotoxic activities,cardiotoxic activities,cardiotoxicity
DB00307,DB00511,Bexarotene,Acetyldigitoxin,cardiotoxic activities,cardiotoxic activities,cardiotoxicity
DB00307,DB01078,Bexarotene,Deslanoside,cardiotoxic activities,cardiotoxic activities,cardiotoxicity
DB00307,DB01092,Bexarotene,Ouabain,cardiotoxic activities,cardiotoxic activities,cardiotoxicity
DB00307,DB01396,Bexarotene,Digitoxin,cardiotoxic activities,cardiotoxic activities,cardiotoxicity
DB00307,DB00531,Bexarotene,Cyclophosphamide,cardiotoxic activities,cardiotoxic activities,cardiotoxicity
DB00309,DB00390,Vindesine,Digoxin,cardiotoxic activities,cardiotoxic activities,cardiotoxicity
DB00309,DB00511,Vindesine,Acetyldigitoxin,cardiotoxic activities,cardiotoxic activities,cardiotoxicity
DB00309,DB01078,Vindesine,Deslanoside,cardiotoxic activities,cardiotoxic activities,cardiotoxicity
DB00309,DB01092,Vindesine,Ouabain,cardiotoxic activities,cardiotoxic activities,cardiotoxicity
DB00309,DB01396,Vindesine,Digitoxin,cardiotoxic activities,cardiotoxic activities,cardiotoxicity
DB00309,DB00531,Vindesine,Cyclophosphamide,cardiotoxic activities,cardiotoxic activities,cardiotoxicity
DB00310,DB09449,Chlorthalidone,Sodium phosphate,nephrotoxic activities,nephrotoxic activities,nephrotoxicity
DB00310,DB00515,Chlorthalidone,Cisplatin,risk or severity of ototoxicity and nephrotoxicity,risk or severity of ototoxicity and nephrotoxicity,nephrotoxicity
DB00313,DB01284,Valproic Acid,Tetracosactide,hepatotoxic activities,hepatotoxic activities,hepatotoxicity
DB00316,DB01254,Acetaminophen,Dasatinib,hepatotoxic activities,hepatotoxic activities,hepatotoxicity
DB00316,DB00398,Acetaminophen,Sorafenib,hepatotoxic activities,hepatotoxic activities,hepatotoxicity
DB00316,DB00898,Acetaminophen,Ethanol,hepatotoxic activities,hepatotoxic activities,hepatotoxicity
DB00316,DB00619,Acetaminophen,Imatinib,hepatotoxic activities,hepatotoxic activities,hepatotoxicity
DB00316,DB05528,Acetaminophen,Mipomersen,hepatotoxic activities,hepatotoxic activities,hepatotoxicity
DB00317,DB00390,Gefitinib,Digoxin,cardiotoxic activities,cardiotoxic activities,cardiotoxicity
DB00317,DB00511,Gefitinib,Acetyldigitoxin,cardiotoxic activities,cardiotoxic activities,cardiotoxicity
DB00317,DB01078,Gefitinib,Deslanoside,cardiotoxic activities,cardiotoxic activities,cardiotoxicity
DB00317,DB01092,Gefitinib,Ouabain,cardiotoxic activities,cardiotoxic activities,cardiotoxicity
DB00317,DB01396,Gefitinib,Digitoxin,cardiotoxic activities,cardiotoxic activities,cardiotoxicity
DB00317,DB00531,Gefitinib,Cyclophosphamide,cardiotoxic activities,cardiotoxic activities,cardiotoxicity
DB00319,DB00512,Piperacillin,Vancomycin,nephrotoxic activities,nephrotoxic activities,nephrotoxicity
DB00322,DB00390,Floxuridine,Digoxin,cardiotoxic activities,cardiotoxic activities,cardiotoxicity
DB00322,DB00511,Floxuridine,Acetyldigitoxin,cardiotoxic activities,cardiotoxic activities,cardiotoxicity
DB00322,DB01078,Floxuridine,Deslanoside,cardiotoxic activities,cardiotoxic activities,cardiotoxicity
DB00322,DB01092,Floxuridine,Ouabain,cardiotoxic activities,cardiotoxic activities,cardiotoxicity
DB00322,DB01396,Floxuridine,Digitoxin,cardiotoxic activities,cardiotoxic activities,cardiotoxicity
DB00322,DB00531,Floxuridine,Cyclophosphamide,cardiotoxic activities,cardiotoxic activities,cardiotoxicity
DB00328,DB00384,Indomethacin,Triamterene,nephrotoxic activities,nephrotoxic activities,nephrotoxicity
DB00328,DB09449,Indomethacin,Sodium phosphate,nephrotoxic activities,nephrotoxic activities,nephrotoxicity
DB00328,DB00864,Indomethacin,Tacrolimus,nephrotoxic activities,nephrotoxic activities,nephrotoxicity
DB00337,DB09449,Pimecrolimus,Sodium phosphate,nephrotoxic activities,nephrotoxic activities,nephrotoxicity
DB00337,DB01250,Pimecrolimus,Olsalazine,nephrotoxic activities,nephrotoxic activities,nephrotoxicity
DB00339,DB01045,Pyrazinamide,Rifampicin,hepatotoxic activities,hepatotoxic activities,hepatotoxicity
DB00351,DB00390,Megestrol acetate,Digoxin,cardiotoxic activities,cardiotoxic activities,cardiotoxicity
DB00351,DB00511,Megestrol acetate,Acetyldigitoxin,cardiotoxic activities,cardiotoxic activities,cardiotoxicity
DB00351,DB01078,Megestrol acetate,Deslanoside,cardiotoxic activities,cardiotoxic activities,cardiotoxicity
DB00351,DB01092,Megestrol acetate,Ouabain,cardiotoxic activities,cardiotoxic activities,cardiotoxicity
DB00351,DB01396,Megestrol acetate,Digitoxin,cardiotoxic activities,cardiotoxic activities,cardiotoxicity
DB00351,DB00531,Megestrol acetate,Cyclophosphamide,cardiotoxic activities,cardiotoxic activities,cardiotoxicity
DB00352,DB00390,Tioguanine,Digoxin,cardiotoxic activities,cardiotoxic activities,cardiotoxicity
DB00352,DB00511,Tioguanine,Acetyldigitoxin,cardiotoxic activities,cardiotoxic activities,cardiotoxicity
DB00352,DB01078,Tioguanine,Deslanoside,cardiotoxic activities,cardiotoxic activities,cardiotoxicity
DB00352,DB01092,Tioguanine,Ouabain,cardiotoxic activities,cardiotoxic activities,cardiotoxicity
DB00352,DB01396,Tioguanine,Digitoxin,cardiotoxic activities,cardiotoxic activities,cardiotoxicity
DB00352,DB00531,Tioguanine,Cyclophosphamide,cardiotoxic activities,cardiotoxic activities,cardiotoxicity
DB00357,DB00390,Aminoglutethimide,Digoxin,cardiotoxic activities,cardiotoxic activities,cardiotoxicity
DB00357,DB00511,Aminoglutethimide,Acetyldigitoxin,cardiotoxic activities,cardiotoxic activities,cardiotoxicity
DB00357,DB01078,Aminoglutethimide,Deslanoside,cardiotoxic activities,cardiotoxic activities,cardiotoxicity
DB00357,DB01092,Aminoglutethimide,Ouabain,cardiotoxic activities,cardiotoxic activities,cardiotoxicity
DB00357,DB01396,Aminoglutethimide,Digitoxin,cardiotoxic activities,cardiotoxic activities,cardiotoxicity
DB00357,DB00531,Aminoglutethimide,Cyclophosphamide,cardiotoxic activities,cardiotoxic activities,cardiotoxicity
DB00361,DB00390,Vinorelbine,Digoxin,cardiotoxic activities,cardiotoxic activities,cardiotoxicity
DB00361,DB00511,Vinorelbine,Acetyldigitoxin,cardiotoxic activities,cardiotoxic activities,cardiotoxicity
DB00361,DB01078,Vinorelbine,Deslanoside,cardiotoxic activities,cardiotoxic activities,cardiotoxicity
DB00361,DB01092,Vinorelbine,Ouabain,cardiotoxic activities,cardiotoxic activities,cardiotoxicity
DB00361,DB01396,Vinorelbine,Digitoxin,cardiotoxic activities,cardiotoxic activities,cardiotoxicity
DB00361,DB01229,Vinorelbine,Paclitaxel,neurotoxic activities,neurotoxic activities,neurotoxicity
DB00361,DB00531,Vinorelbine,Cyclophosphamide,cardiotoxic activities,cardiotoxic activities,cardiotoxicity
DB00365,DB00390,Grepafloxacin,Digoxin,cardiotoxic activities,cardiotoxic activities,cardiotoxicity
DB00365,DB00511,Grepafloxacin,Acetyldigitoxin,cardiotoxic activities,cardiotoxic activities,cardiotoxicity
DB00365,DB01078,Grepafloxacin,Deslanoside,cardiotoxic activities,cardiotoxic activities,cardiotoxicity
DB00365,DB01092,Grepafloxacin,Ouabain,cardiotoxic activities,cardiotoxic activities,cardiotoxicity
DB00365,DB01396,Grepafloxacin,Digitoxin,cardiotoxic activities,cardiotoxic activities,cardiotoxicity
DB00365,DB00531,Grepafloxacin,Cyclophosphamide,cardiotoxic activities,cardiotoxic activities,cardiotoxicity
DB00380,DB00390,Dexrazoxane,Digoxin,cardiotoxic activities,cardiotoxic activities,cardiotoxicity
DB00380,DB00511,Dexrazoxane,Acetyldigitoxin,cardiotoxic activities,cardiotoxic activities,cardiotoxicity
DB00380,DB01078,Dexrazoxane,Deslanoside,cardiotoxic activities,cardiotoxic activities,cardiotoxicity
DB00380,DB01092,Dexrazoxane,Ouabain,cardiotoxic activities,cardiotoxic activities,cardiotoxicity
DB00380,DB01396,Dexrazoxane,Digitoxin,cardiotoxic activities,cardiotoxic activities,cardiotoxicity
DB00380,DB00531,Dexrazoxane,Cyclophosphamide,cardiotoxic activities,cardiotoxic activities,cardiotoxicity
DB00384,DB13783,Triamterene,Acemetacin,risk or severity of renal failure,risk or severity of renal failure,nephrotoxicity
DB00384,DB09449,Triamterene,Sodium phosphate,nephrotoxic activities,nephrotoxic activities,nephrotoxicity
DB00385,DB00390,Valrubicin,Digoxin,cardiotoxic activities,cardiotoxic activities,cardiotoxicity
DB00385,DB00511,Valrubicin,Acetyldigitoxin,cardiotoxic activities,cardiotoxic activities,cardiotoxicity
DB00385,DB01078,Valrubicin,Deslanoside,cardiotoxic activities,cardiotoxic activities,cardiotoxicity
DB00385,DB01092,Valrubicin,Ouabain,cardiotoxic activities,cardiotoxic activities,cardiotoxicity
DB00385,DB01396,Valrubicin,Digitoxin,cardiotoxic activities,cardiotoxic activities,cardiotoxicity
DB00385,DB00531,Valrubicin,Cyclophosphamide,cardiotoxic activities,cardiotoxic activities,cardiotoxicity
DB00390,DB00398,Digoxin,Sorafenib,cardiotoxic activities,cardiotoxic activities,cardiotoxicity
DB00390,DB00428,Digoxin,Streptozocin,cardiotoxic activities,cardiotoxic activities,cardiotoxicity
DB00390,DB00441,Digoxin,Gemcitabine,cardiotoxic activities,cardiotoxic activities,cardiotoxicity
DB00390,DB00444,Digoxin,Teniposide,cardiotoxic activities,cardiotoxic activities,cardiotoxicity
DB00390,DB00445,Digoxin,Epirubicin,cardiotoxic activities,cardiotoxic activities,cardiotoxicity
DB00390,DB00488,Digoxin,Altretamine,cardiotoxic activities,cardiotoxic activities,cardiotoxicity
DB00390,DB00515,Digoxin,Cisplatin,cardiotoxic activities,cardiotoxic activities,cardiotoxicity
DB00390,DB00523,Digoxin,Alitretinoin,cardiotoxic activities,cardiotoxic activities,cardiotoxicity
DB00390,DB00526,Digoxin,Oxaliplatin,cardiotoxic activities,cardiotoxic activities,cardiotoxicity
DB00390,DB00530,Digoxin,Erlotinib,cardiotoxic activities,cardiotoxic activities,cardiotoxicity
DB00390,DB00531,Digoxin,Cyclophosphamide,cardiotoxic activities,cardiotoxic activities,cardiotoxicity
DB00390,DB00541,Digoxin,Vincristine,cardiotoxic activities,cardiotoxic activities,cardiotoxicity
DB00390,DB00544,Digoxin,Fluorouracil,cardiotoxic activities,cardiotoxic activities,cardiotoxicity
DB00390,DB00552,Digoxin,Pentostatin,cardiotoxic activities,cardiotoxic activities,cardiotoxicity
DB00390,DB00563,Digoxin,Methotrexate,cardiotoxic activities,cardiotoxic activities,cardiotoxicity
DB00390,DB00570,Digoxin,Vinblastine,cardiotoxic activities,cardiotoxic activities,cardiotoxicity
DB00390,DB00619,Digoxin,Imatinib,cardiotoxic activities,cardiotoxic activities,cardiotoxicity
DB00390,DB00631,Digoxin,Clofarabine,cardiotoxic activities,cardiotoxic activities,cardiotoxicity
DB00390,DB00642,Digoxin,Pemetrexed,cardiotoxic activities,cardiotoxic activities,cardiotoxicity
DB00390,DB00694,Digoxin,Daunorubicin,cardiotoxic activities,cardiotoxic activities,cardiotoxicity
DB00390,DB00762,Digoxin,Irinotecan,cardiotoxic activities,cardiotoxic activities,cardiotoxicity
DB00390,DB00773,Digoxin,Etoposide,cardiotoxic activities,cardiotoxic activities,cardiotoxicity
DB00390,DB00851,Digoxin,Dacarbazine,cardiotoxic activities,cardiotoxic activities,cardiotoxicity
DB00390,DB00853,Digoxin,Temozolomide,cardiotoxic activities,cardiotoxic activities,cardiotoxicity
DB00390,DB00888,Digoxin,Mechlorethamine,cardiotoxic activities,cardiotoxic activities,cardiotoxicity
DB00390,DB00928,Digoxin,Azacitidine,cardiotoxic activities,cardiotoxic activities,cardiotoxicity
DB00390,DB00958,Digoxin,Carboplatin,cardiotoxic activities,cardiotoxic activities,cardiotoxicity
DB00390,DB00970,Digoxin,Dactinomycin,cardiotoxic activities,cardiotoxic activities,cardiotoxicity
DB00390,DB00987,Digoxin,Cytarabine,cardiotoxic activities,cardiotoxic activities,cardiotoxicity
DB00390,DB00997,Digoxin,Doxorubicin,cardiotoxic activities,cardiotoxic activities,cardiotoxicity
DB00390,DB01005,Digoxin,Hydroxyurea,cardiotoxic activities,cardiotoxic activities,cardiotoxicity
DB00390,DB01008,Digoxin,Busulfan,cardiotoxic activities,cardiotoxic activities,cardiotoxicity
DB00390,DB01033,Digoxin,Mercaptopurine,cardiotoxic activities,cardiotoxic activities,cardiotoxicity
DB00390,DB01042,Digoxin,Melphalan,cardiotoxic activities,cardiotoxic activities,cardiotoxicity
DB00390,DB01073,Digoxin,Fludarabine,cardiotoxic activities,cardiotoxic activities,cardiotoxicity
DB00390,DB01101,Digoxin,Capecitabine,cardiotoxic activities,cardiotoxic activities,cardiotoxicity
DB00390,DB01168,Digoxin,Procarbazine,cardiotoxic activities,cardiotoxic activities,cardiotoxicity
DB00390,DB01169,Digoxin,Arsenic trioxide,cardiotoxic activities,cardiotoxic activities,cardiotoxicity
DB00390,DB01177,Digoxin,Idarubicin,cardiotoxic activities,cardiotoxic activities,cardiotoxicity
DB00390,DB01181,Digoxin,Ifosfamide,cardiotoxic activities,cardiotoxic activities,cardiotoxicity
DB00390,DB01196,Digoxin,Estramustine,cardiotoxic activities,cardiotoxic activities,cardiotoxicity
DB00390,DB01204,Digoxin,Mitoxantrone,cardiotoxic activities,cardiotoxic activities,cardiotoxicity
DB00390,DB01206,Digoxin,Lomustine,cardiotoxic activities,cardiotoxic activities,cardiotoxicity
DB00390,DB01229,Digoxin,Paclitaxel,cardiotoxic activities,cardiotoxic activities,cardiotoxicity
DB00390,DB01248,Digoxin,Docetaxel,cardiotoxic activities,cardiotoxic activities,cardiotoxicity
DB00390,DB01259,Digoxin,Lapatinib,cardiotoxic activities,cardiotoxic activities,cardiotoxicity
DB00390,DB01262,Digoxin,Decitabine,cardiotoxic activities,cardiotoxic activities,cardiotoxicity
DB00390,DB01268,Digoxin,Sunitinib,cardiotoxic activities,cardiotoxic activities,cardiotoxicity
DB00390,DB02546,Digoxin,Vorinostat,cardiotoxic activities,cardiotoxic activities,cardiotoxicity
DB00390,DB04572,Digoxin,Thiotepa,cardiotoxic activities,cardiotoxic activities,cardiotoxicity
DB00390,DB04865,Digoxin,Omacetaxine mepesuccinate,cardiotoxic activities,cardiotoxic activities,cardiotoxicity
DB00390,DB05015,Digoxin,Belinostat,cardiotoxic activities,cardiotoxic activities,cardiotoxicity
DB00390,DB05109,Digoxin,Trabectedin,cardiotoxic activities,cardiotoxic activities,cardiotoxicity
DB00390,DB06176,Digoxin,Romidepsin,cardiotoxic activities,cardiotoxic activities,cardiotoxicity
DB00390,DB06193,Digoxin,Pixantrone,cardiotoxic activities,cardiotoxic activities,cardiotoxicity
DB00390,DB06263,Digoxin,Amrubicin,cardiotoxic activities,cardiotoxic activities,cardiotoxicity
DB00390,DB06287,Digoxin,Temsirolimus,cardiotoxic activities,cardiotoxic activities,cardiotoxicity
DB00390,DB06603,Digoxin,Panobinostat,cardiotoxic activities,cardiotoxic activities,cardiotoxicity
DB00390,DB06769,Digoxin,Bendamustine,cardiotoxic activities,cardiotoxic activities,cardiotoxicity
DB00390,DB06810,Digoxin,Plicamycin,cardiotoxic activities,cardiotoxic activities,cardiotoxicity
DB00390,DB08901,Digoxin,Ponatinib,cardiotoxic activities,cardiotoxic activities,cardiotoxicity
DB00390,DB08911,Digoxin,Trametinib,cardiotoxic activities,cardiotoxic activities,cardiotoxicity
DB00390,DB09031,Digoxin,Miltefosine,cardiotoxic activities,cardiotoxic activities,cardiotoxicity
DB00390,DB09074,Digoxin,Olaparib,cardiotoxic activities,cardiotoxic activities,cardiotoxicity
DB00390,DB09078,Digoxin,Lenvatinib,cardiotoxic activities,cardiotoxic activities,cardiotoxicity
DB00390,DB09079,Digoxin,Nintedanib,cardiotoxic activities,cardiotoxic activities,cardiotoxicity
DB00390,DB09256,Digoxin,Tegafur,cardiotoxic activities,cardiotoxic activities,cardiotoxicity
DB00390,DB11630,Digoxin,Temoporfin,cardiotoxic activities,cardiotoxic activities,cardiotoxicity
DB00390,DB00499,Digoxin,Flutamide,cardiotoxic activities,cardiotoxic activities,cardiotoxicity
DB00390,DB00665,Digoxin,Nilutamide,cardiotoxic activities,cardiotoxic activities,cardiotoxicity
DB00390,DB00675,Digoxin,Tamoxifen,cardiotoxic activities,cardiotoxic activities,cardiotoxicity
DB00390,DB00947,Digoxin,Fulvestrant,cardiotoxic activities,cardiotoxic activities,cardiotoxicity
DB00390,DB00990,Digoxin,Exemestane,cardiotoxic activities,cardiotoxic activities,cardiotoxicity
DB00390,DB01006,Digoxin,Letrozole,cardiotoxic activities,cardiotoxic activities,cardiotoxicity
DB00390,DB01128,Digoxin,Bicalutamide,cardiotoxic activities,cardiotoxic activities,cardiotoxicity
DB00390,DB01217,Digoxin,Anastrozole,cardiotoxic activities,cardiotoxic activities,cardiotoxicity
DB00390,DB01280,Digoxin,Nelarabine,cardiotoxic activities,cardiotoxic activities,cardiotoxicity
DB00390,DB04868,Digoxin,Nilotinib,cardiotoxic activities,cardiotoxic activities,cardiotoxicity
DB00390,DB06626,Digoxin,Axitinib,cardiotoxic activities,cardiotoxic activities,cardiotoxicity
DB00390,DB06772,Digoxin,Cabazitaxel,cardiotoxic activities,cardiotoxic activities,cardiotoxicity
DB00390,DB08828,Digoxin,Vismodegib,cardiotoxic activities,cardiotoxic activities,cardiotoxicity
DB00390,DB08865,Digoxin,Crizotinib,cardiotoxic activities,cardiotoxic activities,cardiotoxicity
DB00390,DB08871,Digoxin,Eribulin,cardiotoxic activities,cardiotoxic activities,cardiotoxicity
DB00390,DB08889,Digoxin,Carfilzomib,cardiotoxic activities,cardiotoxic activities,cardiotoxicity
DB00390,DB09053,Digoxin,Ibrutinib,cardiotoxic activities,cardiotoxic activities,cardiotoxicity
DB00390,DB05812,Digoxin,Abiraterone,cardiotoxic activities,cardiotoxic activities,cardiotoxicity
DB00390,DB06595,Digoxin,Midostaurin,cardiotoxic activities,cardiotoxic activities,cardiotoxicity
DB00390,DB06825,Digoxin,Triptorelin,cardiotoxic activities,cardiotoxic activities,cardiotoxicity
DB00390,DB08910,Digoxin,Pomalidomide,cardiotoxic activities,cardiotoxic activities,cardiotoxicity
DB00390,DB00755,Digoxin,Tretinoin,cardiotoxic activities,cardiotoxic activities,cardiotoxicity
DB00390,DB00460,Digoxin,Verteporfin,cardiotoxic activities,cardiotoxic activities,cardiotoxicity
DB00390,DB00467,Digoxin,Enoxacin,cardiotoxic activities,cardiotoxic activities,cardiotoxicity
DB00390,DB00487,Digoxin,Pefloxacin,cardiotoxic activities,cardiotoxic activities,cardiotoxicity
DB00390,DB00518,Digoxin,Albendazole,cardiotoxic activities,cardiotoxic activities,cardiotoxicity
DB00390,DB00537,Digoxin,Ciprofloxacin,cardiotoxic activities,cardiotoxic activities,cardiotoxicity
DB00390,DB00539,Digoxin,Toremifene,cardiotoxic activities,cardiotoxic activities,cardiotoxicity
DB00390,DB00548,Digoxin,Azelaic Acid,cardiotoxic activities,cardiotoxic activities,cardiotoxicity
DB00390,DB00603,Digoxin,Medroxyprogesterone acetate,cardiotoxic activities,cardiotoxic activities,cardiotoxicity
DB00390,DB00635,Digoxin,Prednisone,cardiotoxic activities,cardiotoxic activities,cardiotoxicity
DB00390,DB00643,Digoxin,Mebendazole,cardiotoxic activities,cardiotoxic activities,cardiotoxicity
DB00390,DB00685,Digoxin,Trovafloxacin,cardiotoxic activities,cardiotoxic activities,cardiotoxicity
DB00390,DB00724,Digoxin,Imiquimod,cardiotoxic activities,cardiotoxic activities,cardiotoxicity
DB00390,DB00779,Digoxin,Nalidixic Acid,cardiotoxic activities,cardiotoxic activities,cardiotoxicity
DB00390,DB00791,Digoxin,Uracil mustard,cardiotoxic activities,cardiotoxic activities,cardiotoxicity
DB00390,DB00827,Digoxin,Cinoxacin,cardiotoxic activities,cardiotoxic activities,cardiotoxicity
DB00390,DB00860,Digoxin,Prednisolone,cardiotoxic activities,cardiotoxic activities,cardiotoxicity
DB00390,DB00877,Digoxin,Sirolimus,cardiotoxic activities,cardiotoxic activities,cardiotoxicity
DB00390,DB00894,Digoxin,Testolactone,cardiotoxic activities,cardiotoxic activities,cardiotoxicity
DB00390,DB00959,Digoxin,Methylprednisolone,cardiotoxic activities,cardiotoxic activities,cardiotoxicity
DB00390,DB00978,Digoxin,Lomefloxacin,cardiotoxic activities,cardiotoxic activities,cardiotoxicity
DB00390,DB00993,Digoxin,Azathioprine,cardiotoxic activities,cardiotoxic activities,cardiotoxicity
DB00390,DB01041,Digoxin,Thalidomide,cardiotoxic activities,cardiotoxic activities,cardiotoxicity
DB00390,DB01044,Digoxin,Gatifloxacin,cardiotoxic activities,cardiotoxic activities,cardiotoxicity
DB00390,DB01059,Digoxin,Norfloxacin,cardiotoxic activities,cardiotoxic activities,cardiotoxicity
DB00390,DB01103,Digoxin,Quinacrine,cardiotoxic activities,cardiotoxic activities,cardiotoxicity
DB00390,DB01108,Digoxin,Trilostane,cardiotoxic activities,cardiotoxic activities,cardiotoxicity
DB00390,DB01137,Digoxin,Levofloxacin,cardiotoxic activities,cardiotoxic activities,cardiotoxicity
DB00390,DB01155,Digoxin,Gemifloxacin,cardiotoxic activities,cardiotoxic activities,cardiotoxicity
DB00390,DB01157,Digoxin,Trimetrexate,cardiotoxic activities,cardiotoxic activities,cardiotoxicity
DB00390,DB01165,Digoxin,Ofloxacin,cardiotoxic activities,cardiotoxic activities,cardiotoxicity
DB00390,DB01179,Digoxin,Podofilox,cardiotoxic activities,cardiotoxic activities,cardiotoxicity
DB00390,DB01208,Digoxin,Sparfloxacin,cardiotoxic activities,cardiotoxic activities,cardiotoxicity
DB00390,DB01234,Digoxin,Dexamethasone,cardiotoxic activities,cardiotoxic activities,cardiotoxicity
DB00390,DB02300,Digoxin,Calcipotriol,cardiotoxic activities,cardiotoxic activities,cardiotoxicity
DB00390,DB04576,Digoxin,Fleroxacin,cardiotoxic activities,cardiotoxic activities,cardiotoxicity
DB00390,DB04786,Digoxin,Suramin,cardiotoxic activities,cardiotoxic activities,cardiotoxicity
DB00390,DB04839,Digoxin,Cyproterone acetate,cardiotoxic activities,cardiotoxic activities,cardiotoxicity
DB00390,DB04894,Digoxin,Vapreotide,cardiotoxic activities,cardiotoxic activities,cardiotoxicity
DB00390,DB05260,Digoxin,Gallium nitrate,cardiotoxic activities,cardiotoxic activities,cardiotoxicity
DB00390,DB06243,Digoxin,Eflornithine,cardiotoxic activities,cardiotoxic activities,cardiotoxicity
DB00390,DB06272,Digoxin,Maxacalcitol,cardiotoxic activities,cardiotoxic activities,cardiotoxicity
DB00390,DB06704,Digoxin,Iobenguane,cardiotoxic activities,cardiotoxic activities,cardiotoxicity
DB00390,DB06710,Digoxin,Methyltestosterone,cardiotoxic activities,cardiotoxic activities,cardiotoxicity
DB00390,DB06771,Digoxin,Besifloxacin,cardiotoxic activities,cardiotoxic activities,cardiotoxicity
DB00390,DB06789,Digoxin,Hydroxyprogesterone caproate,cardiotoxic activities,cardiotoxic activities,cardiotoxicity
DB00390,DB06791,Digoxin,Lanreotide,cardiotoxic activities,cardiotoxic activities,cardiotoxicity
DB00390,DB06819,Digoxin,Phenylbutyric acid,cardiotoxic activities,cardiotoxic activities,cardiotoxicity
DB00390,DB08905,Digoxin,Formestane,cardiotoxic activities,cardiotoxic activities,cardiotoxicity
DB00390,DB08913,Digoxin,Radium Ra 223 Dichloride,cardiotoxic activities,cardiotoxic activities,cardiotoxicity
DB00390,DB09070,Digoxin,Tibolone,cardiotoxic activities,cardiotoxic activities,cardiotoxicity
DB00390,DB09094,Digoxin,Podophyllin,cardiotoxic activities,cardiotoxic activities,cardiotoxicity
DB00390,DB09123,Digoxin,Dienogest,cardiotoxic activities,cardiotoxic activities,cardiotoxicity
DB00390,DB09124,Digoxin,Medrogestone,cardiotoxic activities,cardiotoxic activities,cardiotoxicity
DB00390,DB09244,Digoxin,Pirlindole,cardiotoxic activities,cardiotoxic activities,cardiotoxicity
DB00390,DB09269,Digoxin,Phenylacetic acid,cardiotoxic activities,cardiotoxic activities,cardiotoxicity
DB00390,DB09335,Digoxin,Alatrofloxacin,cardiotoxic activities,cardiotoxic activities,cardiotoxicity
DB00390,DB09401,Digoxin,Isosorbide,cardiotoxic activities,cardiotoxic activities,cardiotoxicity
DB00390,DB09516,Digoxin,Mequinol,cardiotoxic activities,cardiotoxic activities,cardiotoxicity
DB00390,DB11231,Digoxin,Lycopene,cardiotoxic activities,cardiotoxic activities,cardiotoxicity
DB00390,DB11793,Digoxin,Niraparib,cardiotoxic activities,cardiotoxic activities,cardiotoxicity
DB00390,DB12332,Digoxin,Rucaparib,cardiotoxic activities,cardiotoxic activities,cardiotoxicity
DB00390,DB12473,Digoxin,Taurolidine,cardiotoxic activities,cardiotoxic activities,cardiotoxicity
DB00390,DB13145,Digoxin,Nedaplatin,cardiotoxic activities,cardiotoxic activities,cardiotoxicity
DB00390,DB00855,Digoxin,Aminolevulinic acid,cardiotoxic activities,cardiotoxic activities,cardiotoxicity
DB00390,DB00992,Digoxin,Methyl aminolevulinate,cardiotoxic activities,cardiotoxic activities,cardiotoxicity
DB00390,DB04845,Digoxin,Ixabepilone,cardiotoxic activities,cardiotoxic activities,cardiotoxicity
DB00390,DB06813,Digoxin,Pralatrexate,cardiotoxic activities,cardiotoxic activities,cardiotoxicity
DB00390,DB08875,Digoxin,Cabozantinib,cardiotoxic activities,cardiotoxic activities,cardiotoxicity
DB00390,DB09143,Digoxin,Sonidegib,cardiotoxic activities,cardiotoxic activities,cardiotoxicity
DB00390,DB11641,Digoxin,Vinflunine,cardiotoxic activities,cardiotoxic activities,cardiotoxicity
DB00390,DB05239,Digoxin,Cobimetinib,cardiotoxic activities,cardiotoxic activities,cardiotoxicity
DB00390,DB06699,Digoxin,Degarelix,cardiotoxic activities,cardiotoxic activities,cardiotoxicity
DB00390,DB11363,Digoxin,Alectinib,cardiotoxic activities,cardiotoxic activities,cardiotoxicity
DB00390,DB11581,Digoxin,Venetoclax,cardiotoxic activities,cardiotoxic activities,cardiotoxicity
DB00390,DB11730,Digoxin,Ribociclib,cardiotoxic activities,cardiotoxic activities,cardiotoxicity
DB00390,DB00432,Digoxin,Trifluridine,cardiotoxic activities,cardiotoxic activities,cardiotoxicity
DB00398,DB09288,Sorafenib,Propacetamol,hepatotoxic activities,hepatotoxic activities,hepatotoxicity
DB00398,DB00511,Sorafenib,Acetyldigitoxin,cardiotoxic activities,cardiotoxic activities,cardiotoxicity
DB00398,DB01078,Sorafenib,Deslanoside,cardiotoxic activities,cardiotoxic activities,cardiotoxicity
DB00398,DB01092,Sorafenib,Ouabain,cardiotoxic activities,cardiotoxic activities,cardiotoxicity
DB00398,DB01396,Sorafenib,Digitoxin,cardiotoxic activities,cardiotoxic activities,cardiotoxicity
DB00398,DB00531,Sorafenib,Cyclophosphamide,cardiotoxic activities,cardiotoxic activities,cardiotoxicity
DB00421,DB09449,Spironolactone,Sodium phosphate,nephrotoxic activities,nephrotoxic activities,nephrotoxicity
DB00428,DB00511,Streptozocin,Acetyldigitoxin,cardiotoxic activities,cardiotoxic activities,cardiotoxicity
DB00428,DB01078,Streptozocin,Deslanoside,cardiotoxic activities,cardiotoxic activities,cardiotoxicity
DB00428,DB01092,Streptozocin,Ouabain,cardiotoxic activities,cardiotoxic activities,cardiotoxicity
DB00428,DB01396,Streptozocin,Digitoxin,cardiotoxic activities,cardiotoxic activities,cardiotoxicity
DB00428,DB00531,Streptozocin,Cyclophosphamide,cardiotoxic activities,cardiotoxic activities,cardiotoxicity
DB00430,DB00479,Cefpiramide,Amikacin,nephrotoxic activities,nephrotoxic activities,nephrotoxicity
DB00430,DB00684,Cefpiramide,Tobramycin,nephrotoxic activities,nephrotoxic activities,nephrotoxicity
DB00430,DB00798,Cefpiramide,Gentamicin,nephrotoxic activities,nephrotoxic activities,nephrotoxicity
DB00430,DB01082,Cefpiramide,Streptomycin,nephrotoxic activities,nephrotoxic activities,nephrotoxicity
DB00430,DB00452,Cefpiramide,Framycetin,nephrotoxic activities,nephrotoxic activities,nephrotoxicity
DB00430,DB00955,Cefpiramide,Netilmicin,nephrotoxic activities,nephrotoxic activities,nephrotoxicity
DB00430,DB01172,Cefpiramide,Kanamycin,nephrotoxic activities,nephrotoxic activities,nephrotoxicity
DB00430,DB01421,Cefpiramide,Paromomycin,nephrotoxic activities,nephrotoxic activities,nephrotoxicity
DB00430,DB03615,Cefpiramide,Ribostamycin,nephrotoxic activities,nephrotoxic activities,nephrotoxicity
DB00430,DB06696,Cefpiramide,Arbekacin,nephrotoxic activities,nephrotoxic activities,nephrotoxicity
DB00430,DB12615,Cefpiramide,Plazomicin,nephrotoxic activities,nephrotoxic activities,nephrotoxicity
DB00432,DB00511,Trifluridine,Acetyldigitoxin,cardiotoxic activities,cardiotoxic activities,cardiotoxicity
DB00432,DB01078,Trifluridine,Deslanoside,cardiotoxic activities,cardiotoxic activities,cardiotoxicity
DB00432,DB01092,Trifluridine,Ouabain,cardiotoxic activities,cardiotoxic activities,cardiotoxicity
DB00432,DB01396,Trifluridine,Digitoxin,cardiotoxic activities,cardiotoxic activities,cardiotoxicity
DB00432,DB00531,Trifluridine,Cyclophosphamide,cardiotoxic activities,cardiotoxic activities,cardiotoxicity
DB00436,DB09449,Bendroflumethiazide,Sodium phosphate,nephrotoxic activities,nephrotoxic activities,nephrotoxicity
DB00438,DB00479,Ceftazidime,Amikacin,nephrotoxic activities,nephrotoxic activities,nephrotoxicity
DB00438,DB00684,Ceftazidime,Tobramycin,nephrotoxic activities,nephrotoxic activities,nephrotoxicity
DB00438,DB00798,Ceftazidime,Gentamicin,nephrotoxic activities,nephrotoxic activities,nephrotoxicity
DB00438,DB01082,Ceftazidime,Streptomycin,nephrotoxic activities,nephrotoxic activities,nephrotoxicity
DB00438,DB00452,Ceftazidime,Framycetin,nephrotoxic activities,nephrotoxic activities,nephrotoxicity
DB00438,DB00955,Ceftazidime,Netilmicin,nephrotoxic activities,nephrotoxic activities,nephrotoxicity
DB00438,DB01172,Ceftazidime,Kanamycin,nephrotoxic activities,nephrotoxic activities,nephrotoxicity
DB00438,DB01421,Ceftazidime,Paromomycin,nephrotoxic activities,nephrotoxic activities,nephrotoxicity
DB00438,DB03615,Ceftazidime,Ribostamycin,nephrotoxic activities,nephrotoxic activities,nephrotoxicity
DB00438,DB06696,Ceftazidime,Arbekacin,nephrotoxic activities,nephrotoxic activities,nephrotoxicity
DB00438,DB12615,Ceftazidime,Plazomicin,nephrotoxic activities,nephrotoxic activities,nephrotoxicity
DB00439,DB06589,Cerivastatin,Pazopanib,hepatotoxic activities,hepatotoxic activities,hepatotoxicity
DB00441,DB00511,Gemcitabine,Acetyldigitoxin,cardiotoxic activities,cardiotoxic activities,cardiotoxicity
DB00441,DB01078,Gemcitabine,Deslanoside,cardiotoxic activities,cardiotoxic activities,cardiotoxicity
DB00441,DB01092,Gemcitabine,Ouabain,cardiotoxic activities,cardiotoxic activities,cardiotoxicity
DB00441,DB01396,Gemcitabine,Digitoxin,cardiotoxic activities,cardiotoxic activities,cardiotoxicity
DB00441,DB00531,Gemcitabine,Cyclophosphamide,cardiotoxic activities,cardiotoxic activities,cardiotoxicity
DB00442,DB00811,Entecavir,Ribavirin,hepatotoxic activities,hepatotoxic activities,hepatotoxicity
DB00444,DB00541,Teniposide,Vincristine,neurotoxic activities,neurotoxic activities,neurotoxicity
DB00444,DB00511,Teniposide,Acetyldigitoxin,cardiotoxic activities,cardiotoxic activities,cardiotoxicity
DB00444,DB01078,Teniposide,Deslanoside,cardiotoxic activities,cardiotoxic activities,cardiotoxicity
DB00444,DB01092,Teniposide,Ouabain,cardiotoxic activities,cardiotoxic activities,cardiotoxicity
DB00444,DB01396,Teniposide,Digitoxin,cardiotoxic activities,cardiotoxic activities,cardiotoxicity
DB00444,DB00531,Teniposide,Cyclophosphamide,cardiotoxic activities,cardiotoxic activities,cardiotoxicity
DB00445,DB00511,Epirubicin,Acetyldigitoxin,cardiotoxic activities,cardiotoxic activities,cardiotoxicity
DB00445,DB01078,Epirubicin,Deslanoside,cardiotoxic activities,cardiotoxic activities,cardiotoxicity
DB00445,DB01092,Epirubicin,Ouabain,cardiotoxic activities,cardiotoxic activities,cardiotoxicity
DB00445,DB01396,Epirubicin,Digitoxin,cardiotoxic activities,cardiotoxic activities,cardiotoxicity
DB00445,DB00531,Epirubicin,Cyclophosphamide,cardiotoxic activities,cardiotoxic activities,cardiotoxicity
DB00452,DB00529,Framycetin,Foscarnet,nephrotoxic activities,nephrotoxic activities,nephrotoxicity
DB00452,DB00742,Framycetin,Mannitol,nephrotoxic activities,nephrotoxic activities,nephrotoxicity
DB00452,DB01111,Framycetin,Colistimethate,nephrotoxic activities,nephrotoxic activities,nephrotoxicity
DB00452,DB00447,Framycetin,Loracarbef,nephrotoxic activities,nephrotoxic activities,nephrotoxicity
DB00452,DB00833,Framycetin,Cefaclor,nephrotoxic activities,nephrotoxic activities,nephrotoxicity
DB00452,DB00923,Framycetin,Ceforanide,nephrotoxic activities,nephrotoxic activities,nephrotoxicity
DB00452,DB01150,Framycetin,Cefprozil,nephrotoxic activities,nephrotoxic activities,nephrotoxicity
DB00452,DB01326,Framycetin,Cefamandole,nephrotoxic activities,nephrotoxic activities,nephrotoxicity
DB00452,DB01328,Framycetin,Cefonicid,nephrotoxic activities,nephrotoxic activities,nephrotoxicity
DB00452,DB01330,Framycetin,Cefotetan,nephrotoxic activities,nephrotoxic activities,nephrotoxicity
DB00452,DB01331,Framycetin,Cefoxitin,nephrotoxic activities,nephrotoxic activities,nephrotoxicity
DB00452,DB09062,Framycetin,Cefminox,nephrotoxic activities,nephrotoxic activities,nephrotoxicity
DB00452,DB01112,Framycetin,Cefuroxime,nephrotoxic activities,nephrotoxic activities,nephrotoxicity
DB00452,DB00493,Framycetin,Cefotaxime,nephrotoxic activities,nephrotoxic activities,nephrotoxicity
DB00452,DB00535,Framycetin,Cefdinir,nephrotoxic activities,nephrotoxic activities,nephrotoxicity
DB00452,DB00671,Framycetin,Cefixime,nephrotoxic activities,nephrotoxic activities,nephrotoxicity
DB00452,DB01066,Framycetin,Cefditoren,nephrotoxic activities,nephrotoxic activities,nephrotoxicity
DB00452,DB01212,Framycetin,Ceftriaxone,nephrotoxic activities,nephrotoxic activities,nephrotoxicity
DB00452,DB01329,Framycetin,Cefoperazone,nephrotoxic activities,nephrotoxic activities,nephrotoxicity
DB00452,DB01332,Framycetin,Ceftizoxime,nephrotoxic activities,nephrotoxic activities,nephrotoxicity
DB00452,DB01415,Framycetin,Ceftibuten,nephrotoxic activities,nephrotoxic activities,nephrotoxicity
DB00452,DB01416,Framycetin,Cefpodoxime,nephrotoxic activities,nephrotoxic activities,nephrotoxicity
DB00452,DB04570,Framycetin,Latamoxef,nephrotoxic activities,nephrotoxic activities,nephrotoxicity
DB00452,DB01413,Framycetin,Cefepime,nephrotoxic activities,nephrotoxic activities,nephrotoxicity
DB00452,DB13682,Framycetin,Cefpirome,nephrotoxic activities,nephrotoxic activities,nephrotoxicity
DB00452,DB00681,Framycetin,Amphotericin B,nephrotoxic activities,nephrotoxic activities,nephrotoxicity
DB00452,DB00958,Framycetin,Carboplatin,ototoxic activities,ototoxic activities,ototoxicity
DB00452,DB00515,Framycetin,Cisplatin,nephrotoxic activities,nephrotoxic activities,nephrotoxicity
DB00452,DB00512,Framycetin,Vancomycin,nephrotoxic activities,nephrotoxic activities,nephrotoxicity
DB00459,DB00563,Acitretin,Methotrexate,hepatotoxic activities,hepatotoxic activities,hepatotoxicity
DB00460,DB00511,Verteporfin,Acetyldigitoxin,cardiotoxic activities,cardiotoxic activities,cardiotoxicity
DB00460,DB01078,Verteporfin,Deslanoside,cardiotoxic activities,cardiotoxic activities,cardiotoxicity
DB00460,DB01092,Verteporfin,Ouabain,cardiotoxic activities,cardiotoxic activities,cardiotoxicity
DB00460,DB01396,Verteporfin,Digitoxin,cardiotoxic activities,cardiotoxic activities,cardiotoxicity
DB00460,DB00531,Verteporfin,Cyclophosphamide,cardiotoxic activities,cardiotoxic activities,cardiotoxicity
DB00461,DB09449,Nabumetone,Sodium phosphate,nephrotoxic activities,nephrotoxic activities,nephrotoxicity
DB00461,DB00864,Nabumetone,Tacrolimus,nephrotoxic activities,nephrotoxic activities,nephrotoxicity
DB00465,DB09449,Ketorolac,Sodium phosphate,nephrotoxic activities,nephrotoxic activities,nephrotoxicity
DB00465,DB00864,Ketorolac,Tacrolimus,nephrotoxic activities,nephrotoxic activities,nephrotoxicity
DB00467,DB00511,Enoxacin,Acetyldigitoxin,cardiotoxic activities,cardiotoxic activities,cardiotoxicity
DB00467,DB01078,Enoxacin,Deslanoside,cardiotoxic activities,cardiotoxic activities,cardiotoxicity
DB00467,DB01092,Enoxacin,Ouabain,cardiotoxic activities,cardiotoxic activities,cardiotoxicity
DB00467,DB01396,Enoxacin,Digitoxin,cardiotoxic activities,cardiotoxic activities,cardiotoxicity
DB00467,DB00531,Enoxacin,Cyclophosphamide,cardiotoxic activities,cardiotoxic activities,cardiotoxicity
DB00468,DB01076,Quinine,Atorvastatin,risk or severity of renal failure and rhabdomyolysis,risk or severity of renal failure,nephrotoxicity
DB00469,DB09449,Tenoxicam,Sodium phosphate,nephrotoxic activities,nephrotoxic activities,nephrotoxicity
DB00469,DB00864,Tenoxicam,Tacrolimus,nephrotoxic activities,nephrotoxic activities,nephrotoxicity
DB00479,DB00529,Amikacin,Foscarnet,nephrotoxic activities,nephrotoxic activities,nephrotoxicity
DB00479,DB00742,Amikacin,Mannitol,nephrotoxic activities,nephrotoxic activities,nephrotoxicity
DB00479,DB01111,Amikacin,Colistimethate,nephrotoxic activities,nephrotoxic activities,nephrotoxicity
DB00479,DB00447,Amikacin,Loracarbef,nephrotoxic activities,nephrotoxic activities,nephrotoxicity
DB00479,DB00833,Amikacin,Cefaclor,nephrotoxic activities,nephrotoxic activities,nephrotoxicity
DB00479,DB00923,Amikacin,Ceforanide,nephrotoxic activities,nephrotoxic activities,nephrotoxicity
DB00479,DB01150,Amikacin,Cefprozil,nephrotoxic activities,nephrotoxic activities,nephrotoxicity
DB00479,DB01326,Amikacin,Cefamandole,nephrotoxic activities,nephrotoxic activities,nephrotoxicity
DB00479,DB01328,Amikacin,Cefonicid,nephrotoxic activities,nephrotoxic activities,nephrotoxicity
DB00479,DB01330,Amikacin,Cefotetan,nephrotoxic activities,nephrotoxic activities,nephrotoxicity
DB00479,DB01331,Amikacin,Cefoxitin,nephrotoxic activities,nephrotoxic activities,nephrotoxicity
DB00479,DB09062,Amikacin,Cefminox,nephrotoxic activities,nephrotoxic activities,nephrotoxicity
DB00479,DB01112,Amikacin,Cefuroxime,nephrotoxic activities,nephrotoxic activities,nephrotoxicity
DB00479,DB00493,Amikacin,Cefotaxime,nephrotoxic activities,nephrotoxic activities,nephrotoxicity
DB00479,DB00535,Amikacin,Cefdinir,nephrotoxic activities,nephrotoxic activities,nephrotoxicity
DB00479,DB00671,Amikacin,Cefixime,nephrotoxic activities,nephrotoxic activities,nephrotoxicity
DB00479,DB01066,Amikacin,Cefditoren,nephrotoxic activities,nephrotoxic activities,nephrotoxicity
DB00479,DB01212,Amikacin,Ceftriaxone,nephrotoxic activities,nephrotoxic activities,nephrotoxicity
DB00479,DB01329,Amikacin,Cefoperazone,nephrotoxic activities,nephrotoxic activities,nephrotoxicity
DB00479,DB01332,Amikacin,Ceftizoxime,nephrotoxic activities,nephrotoxic activities,nephrotoxicity
DB00479,DB01415,Amikacin,Ceftibuten,nephrotoxic activities,nephrotoxic activities,nephrotoxicity
DB00479,DB01416,Amikacin,Cefpodoxime,nephrotoxic activities,nephrotoxic activities,nephrotoxicity
DB00479,DB04570,Amikacin,Latamoxef,nephrotoxic activities,nephrotoxic activities,nephrotoxicity
DB00479,DB01413,Amikacin,Cefepime,nephrotoxic activities,nephrotoxic activities,nephrotoxicity
DB00479,DB13682,Amikacin,Cefpirome,nephrotoxic activities,nephrotoxic activities,nephrotoxicity
DB00479,DB00681,Amikacin,Amphotericin B,nephrotoxic activities,nephrotoxic activities,nephrotoxicity
DB00479,DB00958,Amikacin,Carboplatin,ototoxic activities,ototoxic activities,ototoxicity
DB00479,DB00515,Amikacin,Cisplatin,nephrotoxic activities,nephrotoxic activities,nephrotoxicity
DB00479,DB00512,Amikacin,Vancomycin,nephrotoxic activities,nephrotoxic activities,nephrotoxicity
DB00480,DB00511,Lenalidomide,Acetyldigitoxin,cardiotoxic activities,cardiotoxic activities,cardiotoxicity
DB00480,DB01078,Lenalidomide,Deslanoside,cardiotoxic activities,cardiotoxic activities,cardiotoxicity
DB00480,DB01092,Lenalidomide,Ouabain,cardiotoxic activities,cardiotoxic activities,cardiotoxicity
DB00480,DB01396,Lenalidomide,Digitoxin,cardiotoxic activities,cardiotoxic activities,cardiotoxicity
DB00480,DB00531,Lenalidomide,Cyclophosphamide,cardiotoxic activities,cardiotoxic activities,cardiotoxicity
DB00482,DB09449,Celecoxib,Sodium phosphate,nephrotoxic activities,nephrotoxic activities,nephrotoxicity
DB00482,DB00511,Celecoxib,Acetyldigitoxin,cardiotoxic activities,cardiotoxic activities,cardiotoxicity
DB00482,DB01078,Celecoxib,Deslanoside,cardiotoxic activities,cardiotoxic activities,cardiotoxicity
DB00482,DB01092,Celecoxib,Ouabain,cardiotoxic activities,cardiotoxic activities,cardiotoxicity
DB00482,DB01396,Celecoxib,Digitoxin,cardiotoxic activities,cardiotoxic activities,cardiotoxicity
DB00482,DB00531,Celecoxib,Cyclophosphamide,cardiotoxic activities,cardiotoxic activities,cardiotoxicity
DB00482,DB00864,Celecoxib,Tacrolimus,nephrotoxic activities,nephrotoxic activities,nephrotoxicity
DB00487,DB00511,Pefloxacin,Acetyldigitoxin,cardiotoxic activities,cardiotoxic activities,cardiotoxicity
DB00487,DB01078,Pefloxacin,Deslanoside,cardiotoxic activities,cardiotoxic activities,cardiotoxicity
DB00487,DB01092,Pefloxacin,Ouabain,cardiotoxic activities,cardiotoxic activities,cardiotoxicity
DB00487,DB01396,Pefloxacin,Digitoxin,cardiotoxic activities,cardiotoxic activities,cardiotoxicity
DB00487,DB00531,Pefloxacin,Cyclophosphamide,cardiotoxic activities,cardiotoxic activities,cardiotoxicity
DB00488,DB00511,Altretamine,Acetyldigitoxin,cardiotoxic activities,cardiotoxic activities,cardiotoxicity
DB00488,DB01078,Altretamine,Deslanoside,cardiotoxic activities,cardiotoxic activities,cardiotoxicity
DB00488,DB01092,Altretamine,Ouabain,cardiotoxic activities,cardiotoxic activities,cardiotoxicity
DB00488,DB01396,Altretamine,Digitoxin,cardiotoxic activities,cardiotoxic activities,cardiotoxicity
DB00488,DB00531,Altretamine,Cyclophosphamide,cardiotoxic activities,cardiotoxic activities,cardiotoxicity
DB00492,DB09449,Fosinopril,Sodium phosphate,nephrotoxic activities,nephrotoxic activities,nephrotoxicity
DB00492,DB08907,Fosinopril,Canagliflozin,risk or severity of renal failure and hyperkalemia,risk or severity of renal failure,nephrotoxicity
DB00493,DB00684,Cefotaxime,Tobramycin,nephrotoxic activities,nephrotoxic activities,nephrotoxicity
DB00493,DB00798,Cefotaxime,Gentamicin,nephrotoxic activities,nephrotoxic activities,nephrotoxicity
DB00493,DB01082,Cefotaxime,Streptomycin,nephrotoxic activities,nephrotoxic activities,nephrotoxicity
DB00493,DB00955,Cefotaxime,Netilmicin,nephrotoxic activities,nephrotoxic activities,nephrotoxicity
DB00493,DB01172,Cefotaxime,Kanamycin,nephrotoxic activities,nephrotoxic activities,nephrotoxicity
DB00493,DB01421,Cefotaxime,Paromomycin,nephrotoxic activities,nephrotoxic activities,nephrotoxicity
DB00493,DB03615,Cefotaxime,Ribostamycin,nephrotoxic activities,nephrotoxic activities,nephrotoxicity
DB00493,DB06696,Cefotaxime,Arbekacin,nephrotoxic activities,nephrotoxic activities,nephrotoxicity
DB00493,DB12615,Cefotaxime,Plazomicin,nephrotoxic activities,nephrotoxic activities,nephrotoxicity
DB00499,DB00511,Flutamide,Acetyldigitoxin,cardiotoxic activities,cardiotoxic activities,cardiotoxicity
DB00499,DB01078,Flutamide,Deslanoside,cardiotoxic activities,cardiotoxic activities,cardiotoxicity
DB00499,DB01092,Flutamide,Ouabain,cardiotoxic activities,cardiotoxic activities,cardiotoxicity
DB00499,DB01396,Flutamide,Digitoxin,cardiotoxic activities,cardiotoxic activities,cardiotoxicity
DB00499,DB00531,Flutamide,Cyclophosphamide,cardiotoxic activities,cardiotoxic activities,cardiotoxicity
DB00500,DB09449,Tolmetin,Sodium phosphate,nephrotoxic activities,nephrotoxic activities,nephrotoxicity
DB00500,DB00864,Tolmetin,Tacrolimus,nephrotoxic activities,nephrotoxic activities,nephrotoxicity
DB00511,DB00515,Acetyldigitoxin,Cisplatin,cardiotoxic activities,cardiotoxic activities,cardiotoxicity
DB00511,DB00523,Acetyldigitoxin,Alitretinoin,cardiotoxic activities,cardiotoxic activities,cardiotoxicity
DB00511,DB00526,Acetyldigitoxin,Oxaliplatin,cardiotoxic activities,cardiotoxic activities,cardiotoxicity
DB00511,DB00530,Acetyldigitoxin,Erlotinib,cardiotoxic activities,cardiotoxic activities,cardiotoxicity
DB00511,DB00531,Acetyldigitoxin,Cyclophosphamide,cardiotoxic activities,cardiotoxic activities,cardiotoxicity
DB00511,DB00541,Acetyldigitoxin,Vincristine,cardiotoxic activities,cardiotoxic activities,cardiotoxicity
DB00511,DB00544,Acetyldigitoxin,Fluorouracil,cardiotoxic activities,cardiotoxic activities,cardiotoxicity
DB00511,DB00552,Acetyldigitoxin,Pentostatin,cardiotoxic activities,cardiotoxic activities,cardiotoxicity
DB00511,DB00563,Acetyldigitoxin,Methotrexate,cardiotoxic activities,cardiotoxic activities,cardiotoxicity
DB00511,DB00570,Acetyldigitoxin,Vinblastine,cardiotoxic activities,cardiotoxic activities,cardiotoxicity
DB00511,DB00619,Acetyldigitoxin,Imatinib,cardiotoxic activities,cardiotoxic activities,cardiotoxicity
DB00511,DB00631,Acetyldigitoxin,Clofarabine,cardiotoxic activities,cardiotoxic activities,cardiotoxicity
DB00511,DB00642,Acetyldigitoxin,Pemetrexed,cardiotoxic activities,cardiotoxic activities,cardiotoxicity
DB00511,DB00648,Acetyldigitoxin,Mitotane,cardiotoxic activities,cardiotoxic activities,cardiotoxicity
DB00511,DB00694,Acetyldigitoxin,Daunorubicin,cardiotoxic activities,cardiotoxic activities,cardiotoxicity
DB00511,DB00762,Acetyldigitoxin,Irinotecan,cardiotoxic activities,cardiotoxic activities,cardiotoxicity
DB00511,DB00773,Acetyldigitoxin,Etoposide,cardiotoxic activities,cardiotoxic activities,cardiotoxicity
DB00511,DB00851,Acetyldigitoxin,Dacarbazine,cardiotoxic activities,cardiotoxic activities,cardiotoxicity
DB00511,DB00853,Acetyldigitoxin,Temozolomide,cardiotoxic activities,cardiotoxic activities,cardiotoxicity
DB00511,DB00888,Acetyldigitoxin,Mechlorethamine,cardiotoxic activities,cardiotoxic activities,cardiotoxicity
DB00511,DB00928,Acetyldigitoxin,Azacitidine,cardiotoxic activities,cardiotoxic activities,cardiotoxicity
DB00511,DB00958,Acetyldigitoxin,Carboplatin,cardiotoxic activities,cardiotoxic activities,cardiotoxicity
DB00511,DB00970,Acetyldigitoxin,Dactinomycin,cardiotoxic activities,cardiotoxic activities,cardiotoxicity
DB00511,DB00987,Acetyldigitoxin,Cytarabine,cardiotoxic activities,cardiotoxic activities,cardiotoxicity
DB00511,DB00997,Acetyldigitoxin,Doxorubicin,cardiotoxic activities,cardiotoxic activities,cardiotoxicity
DB00511,DB01005,Acetyldigitoxin,Hydroxyurea,cardiotoxic activities,cardiotoxic activities,cardiotoxicity
DB00511,DB01008,Acetyldigitoxin,Busulfan,cardiotoxic activities,cardiotoxic activities,cardiotoxicity
DB00511,DB01030,Acetyldigitoxin,Topotecan,cardiotoxic activities,cardiotoxic activities,cardiotoxicity
DB00511,DB01033,Acetyldigitoxin,Mercaptopurine,cardiotoxic activities,cardiotoxic activities,cardiotoxicity
DB00511,DB01042,Acetyldigitoxin,Melphalan,cardiotoxic activities,cardiotoxic activities,cardiotoxicity
DB00511,DB01073,Acetyldigitoxin,Fludarabine,cardiotoxic activities,cardiotoxic activities,cardiotoxicity
DB00511,DB01101,Acetyldigitoxin,Capecitabine,cardiotoxic activities,cardiotoxic activities,cardiotoxicity
DB00511,DB01168,Acetyldigitoxin,Procarbazine,cardiotoxic activities,cardiotoxic activities,cardiotoxicity
DB00511,DB01169,Acetyldigitoxin,Arsenic trioxide,cardiotoxic activities,cardiotoxic activities,cardiotoxicity
DB00511,DB01177,Acetyldigitoxin,Idarubicin,cardiotoxic activities,cardiotoxic activities,cardiotoxicity
DB00511,DB01181,Acetyldigitoxin,Ifosfamide,cardiotoxic activities,cardiotoxic activities,cardiotoxicity
DB00511,DB01196,Acetyldigitoxin,Estramustine,cardiotoxic activities,cardiotoxic activities,cardiotoxicity
DB00511,DB01204,Acetyldigitoxin,Mitoxantrone,cardiotoxic activities,cardiotoxic activities,cardiotoxicity
DB00511,DB01206,Acetyldigitoxin,Lomustine,cardiotoxic activities,cardiotoxic activities,cardiotoxicity
DB00511,DB01229,Acetyldigitoxin,Paclitaxel,cardiotoxic activities,cardiotoxic activities,cardiotoxicity
DB00511,DB01248,Acetyldigitoxin,Docetaxel,cardiotoxic activities,cardiotoxic activities,cardiotoxicity
DB00511,DB01254,Acetyldigitoxin,Dasatinib,cardiotoxic activities,cardiotoxic activities,cardiotoxicity
DB00511,DB01259,Acetyldigitoxin,Lapatinib,cardiotoxic activities,cardiotoxic activities,cardiotoxicity
DB00511,DB01262,Acetyldigitoxin,Decitabine,cardiotoxic activities,cardiotoxic activities,cardiotoxicity
DB00511,DB01268,Acetyldigitoxin,Sunitinib,cardiotoxic activities,cardiotoxic activities,cardiotoxicity
DB00511,DB02546,Acetyldigitoxin,Vorinostat,cardiotoxic activities,cardiotoxic activities,cardiotoxicity
DB00511,DB04572,Acetyldigitoxin,Thiotepa,cardiotoxic activities,cardiotoxic activities,cardiotoxicity
DB00511,DB04865,Acetyldigitoxin,Omacetaxine mepesuccinate,cardiotoxic activities,cardiotoxic activities,cardiotoxicity
DB00511,DB05015,Acetyldigitoxin,Belinostat,cardiotoxic activities,cardiotoxic activities,cardiotoxicity
DB00511,DB05109,Acetyldigitoxin,Trabectedin,cardiotoxic activities,cardiotoxic activities,cardiotoxicity
DB00511,DB06176,Acetyldigitoxin,Romidepsin,cardiotoxic activities,cardiotoxic activities,cardiotoxicity
DB00511,DB06193,Acetyldigitoxin,Pixantrone,cardiotoxic activities,cardiotoxic activities,cardiotoxicity
DB00511,DB06263,Acetyldigitoxin,Amrubicin,cardiotoxic activities,cardiotoxic activities,cardiotoxicity
DB00511,DB06287,Acetyldigitoxin,Temsirolimus,cardiotoxic activities,cardiotoxic activities,cardiotoxicity
DB00511,DB06603,Acetyldigitoxin,Panobinostat,cardiotoxic activities,cardiotoxic activities,cardiotoxicity
DB00511,DB06769,Acetyldigitoxin,Bendamustine,cardiotoxic activities,cardiotoxic activities,cardiotoxicity
DB00511,DB06810,Acetyldigitoxin,Plicamycin,cardiotoxic activities,cardiotoxic activities,cardiotoxicity
DB00511,DB08901,Acetyldigitoxin,Ponatinib,cardiotoxic activities,cardiotoxic activities,cardiotoxicity
DB00511,DB08911,Acetyldigitoxin,Trametinib,cardiotoxic activities,cardiotoxic activities,cardiotoxicity
DB00511,DB08912,Acetyldigitoxin,Dabrafenib,cardiotoxic activities,cardiotoxic activities,cardiotoxicity
DB00511,DB09031,Acetyldigitoxin,Miltefosine,cardiotoxic activities,cardiotoxic activities,cardiotoxicity
DB00511,DB09054,Acetyldigitoxin,Idelalisib,cardiotoxic activities,cardiotoxic activities,cardiotoxicity
DB00511,DB09063,Acetyldigitoxin,Ceritinib,cardiotoxic activities,cardiotoxic activities,cardiotoxicity
DB00511,DB09073,Acetyldigitoxin,Palbociclib,cardiotoxic activities,cardiotoxic activities,cardiotoxicity
DB00511,DB09074,Acetyldigitoxin,Olaparib,cardiotoxic activities,cardiotoxic activities,cardiotoxicity
DB00511,DB09078,Acetyldigitoxin,Lenvatinib,cardiotoxic activities,cardiotoxic activities,cardiotoxicity
DB00511,DB09079,Acetyldigitoxin,Nintedanib,cardiotoxic activities,cardiotoxic activities,cardiotoxicity
DB00511,DB09256,Acetyldigitoxin,Tegafur,cardiotoxic activities,cardiotoxic activities,cardiotoxicity
DB00511,DB09570,Acetyldigitoxin,Ixazomib,cardiotoxic activities,cardiotoxic activities,cardiotoxicity
DB00511,DB11630,Acetyldigitoxin,Temoporfin,cardiotoxic activities,cardiotoxic activities,cardiotoxicity
DB00511,DB00665,Acetyldigitoxin,Nilutamide,cardiotoxic activities,cardiotoxic activities,cardiotoxicity
DB00511,DB00675,Acetyldigitoxin,Tamoxifen,cardiotoxic activities,cardiotoxic activities,cardiotoxicity
DB00511,DB00947,Acetyldigitoxin,Fulvestrant,cardiotoxic activities,cardiotoxic activities,cardiotoxicity
DB00511,DB00990,Acetyldigitoxin,Exemestane,cardiotoxic activities,cardiotoxic activities,cardiotoxicity
DB00511,DB01006,Acetyldigitoxin,Letrozole,cardiotoxic activities,cardiotoxic activities,cardiotoxicity
DB00511,DB01128,Acetyldigitoxin,Bicalutamide,cardiotoxic activities,cardiotoxic activities,cardiotoxicity
DB00511,DB01217,Acetyldigitoxin,Anastrozole,cardiotoxic activities,cardiotoxic activities,cardiotoxicity
DB00511,DB01590,Acetyldigitoxin,Everolimus,cardiotoxic activities,cardiotoxic activities,cardiotoxicity
DB00511,DB01280,Acetyldigitoxin,Nelarabine,cardiotoxic activities,cardiotoxic activities,cardiotoxicity
DB00511,DB04868,Acetyldigitoxin,Nilotinib,cardiotoxic activities,cardiotoxic activities,cardiotoxicity
DB00511,DB05294,Acetyldigitoxin,Vandetanib,cardiotoxic activities,cardiotoxic activities,cardiotoxicity
DB00511,DB06589,Acetyldigitoxin,Pazopanib,cardiotoxic activities,cardiotoxic activities,cardiotoxicity
DB00511,DB06616,Acetyldigitoxin,Bosutinib,cardiotoxic activities,cardiotoxic activities,cardiotoxicity
DB00511,DB06626,Acetyldigitoxin,Axitinib,cardiotoxic activities,cardiotoxic activities,cardiotoxicity
DB00511,DB06772,Acetyldigitoxin,Cabazitaxel,cardiotoxic activities,cardiotoxic activities,cardiotoxicity
DB00511,DB08828,Acetyldigitoxin,Vismodegib,cardiotoxic activities,cardiotoxic activities,cardiotoxicity
DB00511,DB08865,Acetyldigitoxin,Crizotinib,cardiotoxic activities,cardiotoxic activities,cardiotoxicity
DB00511,DB08871,Acetyldigitoxin,Eribulin,cardiotoxic activities,cardiotoxic activities,cardiotoxicity
DB00511,DB08877,Acetyldigitoxin,Ruxolitinib,cardiotoxic activities,cardiotoxic activities,cardiotoxicity
DB00511,DB08881,Acetyldigitoxin,Vemurafenib,cardiotoxic activities,cardiotoxic activities,cardiotoxicity
DB00511,DB08889,Acetyldigitoxin,Carfilzomib,cardiotoxic activities,cardiotoxic activities,cardiotoxicity
DB00511,DB08896,Acetyldigitoxin,Regorafenib,cardiotoxic activities,cardiotoxic activities,cardiotoxicity
DB00511,DB08916,Acetyldigitoxin,Afatinib,cardiotoxic activities,cardiotoxic activities,cardiotoxicity
DB00511,DB09053,Acetyldigitoxin,Ibrutinib,cardiotoxic activities,cardiotoxic activities,cardiotoxicity
DB00511,DB05812,Acetyldigitoxin,Abiraterone,cardiotoxic activities,cardiotoxic activities,cardiotoxicity
DB00511,DB06595,Acetyldigitoxin,Midostaurin,cardiotoxic activities,cardiotoxic activities,cardiotoxicity
DB00511,DB06825,Acetyldigitoxin,Triptorelin,cardiotoxic activities,cardiotoxic activities,cardiotoxicity
DB00511,DB08910,Acetyldigitoxin,Pomalidomide,cardiotoxic activities,cardiotoxic activities,cardiotoxicity
DB00511,DB09330,Acetyldigitoxin,Osimertinib,cardiotoxic activities,cardiotoxic activities,cardiotoxicity
DB00511,DB00755,Acetyldigitoxin,Tretinoin,cardiotoxic activities,cardiotoxic activities,cardiotoxicity
DB00511,DB00518,Acetyldigitoxin,Albendazole,cardiotoxic activities,cardiotoxic activities,cardiotoxicity
DB00511,DB00537,Acetyldigitoxin,Ciprofloxacin,cardiotoxic activities,cardiotoxic activities,cardiotoxicity
DB00511,DB00539,Acetyldigitoxin,Toremifene,cardiotoxic activities,cardiotoxic activities,cardiotoxicity
DB00511,DB00548,Acetyldigitoxin,Azelaic Acid,cardiotoxic activities,cardiotoxic activities,cardiotoxicity
DB00511,DB00603,Acetyldigitoxin,Medroxyprogesterone acetate,cardiotoxic activities,cardiotoxic activities,cardiotoxicity
DB00511,DB00605,Acetyldigitoxin,Sulindac,cardiotoxic activities,cardiotoxic activities,cardiotoxicity
DB00511,DB00635,Acetyldigitoxin,Prednisone,cardiotoxic activities,cardiotoxic activities,cardiotoxicity
DB00511,DB00643,Acetyldigitoxin,Mebendazole,cardiotoxic activities,cardiotoxic activities,cardiotoxicity
DB00511,DB00685,Acetyldigitoxin,Trovafloxacin,cardiotoxic activities,cardiotoxic activities,cardiotoxicity
DB00511,DB00724,Acetyldigitoxin,Imiquimod,cardiotoxic activities,cardiotoxic activities,cardiotoxicity
DB00511,DB00779,Acetyldigitoxin,Nalidixic Acid,cardiotoxic activities,cardiotoxic activities,cardiotoxicity
DB00511,DB00791,Acetyldigitoxin,Uracil mustard,cardiotoxic activities,cardiotoxic activities,cardiotoxicity
DB00511,DB00827,Acetyldigitoxin,Cinoxacin,cardiotoxic activities,cardiotoxic activities,cardiotoxicity
DB00511,DB00860,Acetyldigitoxin,Prednisolone,cardiotoxic activities,cardiotoxic activities,cardiotoxicity
DB00511,DB00877,Acetyldigitoxin,Sirolimus,cardiotoxic activities,cardiotoxic activities,cardiotoxicity
DB00511,DB00894,Acetyldigitoxin,Testolactone,cardiotoxic activities,cardiotoxic activities,cardiotoxicity
DB00511,DB00959,Acetyldigitoxin,Methylprednisolone,cardiotoxic activities,cardiotoxic activities,cardiotoxicity
DB00511,DB00978,Acetyldigitoxin,Lomefloxacin,cardiotoxic activities,cardiotoxic activities,cardiotoxicity
DB00511,DB00993,Acetyldigitoxin,Azathioprine,cardiotoxic activities,cardiotoxic activities,cardiotoxicity
DB00511,DB01024,Acetyldigitoxin,Mycophenolic acid,cardiotoxic activities,cardiotoxic activities,cardiotoxicity
DB00511,DB01041,Acetyldigitoxin,Thalidomide,cardiotoxic activities,cardiotoxic activities,cardiotoxicity
DB00511,DB01044,Acetyldigitoxin,Gatifloxacin,cardiotoxic activities,cardiotoxic activities,cardiotoxicity
DB00511,DB01059,Acetyldigitoxin,Norfloxacin,cardiotoxic activities,cardiotoxic activities,cardiotoxicity
DB00511,DB01097,Acetyldigitoxin,Leflunomide,cardiotoxic activities,cardiotoxic activities,cardiotoxicity
DB00511,DB01103,Acetyldigitoxin,Quinacrine,cardiotoxic activities,cardiotoxic activities,cardiotoxicity
DB00511,DB01108,Acetyldigitoxin,Trilostane,cardiotoxic activities,cardiotoxic activities,cardiotoxicity
DB00511,DB01137,Acetyldigitoxin,Levofloxacin,cardiotoxic activities,cardiotoxic activities,cardiotoxicity
DB00511,DB01155,Acetyldigitoxin,Gemifloxacin,cardiotoxic activities,cardiotoxic activities,cardiotoxicity
DB00511,DB01157,Acetyldigitoxin,Trimetrexate,cardiotoxic activities,cardiotoxic activities,cardiotoxicity
DB00511,DB01165,Acetyldigitoxin,Ofloxacin,cardiotoxic activities,cardiotoxic activities,cardiotoxicity
DB00511,DB01179,Acetyldigitoxin,Podofilox,cardiotoxic activities,cardiotoxic activities,cardiotoxicity
DB00511,DB01208,Acetyldigitoxin,Sparfloxacin,cardiotoxic activities,cardiotoxic activities,cardiotoxicity
DB00511,DB01234,Acetyldigitoxin,Dexamethasone,cardiotoxic activities,cardiotoxic activities,cardiotoxicity
DB00511,DB01394,Acetyldigitoxin,Colchicine,cardiotoxic activities,cardiotoxic activities,cardiotoxicity
DB00511,DB02300,Acetyldigitoxin,Calcipotriol,cardiotoxic activities,cardiotoxic activities,cardiotoxicity
DB00511,DB02709,Acetyldigitoxin,Resveratrol,cardiotoxic activities,cardiotoxic activities,cardiotoxicity
DB00511,DB04576,Acetyldigitoxin,Fleroxacin,cardiotoxic activities,cardiotoxic activities,cardiotoxicity
DB00511,DB04786,Acetyldigitoxin,Suramin,cardiotoxic activities,cardiotoxic activities,cardiotoxicity
DB00511,DB04839,Acetyldigitoxin,Cyproterone acetate,cardiotoxic activities,cardiotoxic activities,cardiotoxicity
DB00511,DB04894,Acetyldigitoxin,Vapreotide,cardiotoxic activities,cardiotoxic activities,cardiotoxicity
DB00511,DB04951,Acetyldigitoxin,Pirfenidone,cardiotoxic activities,cardiotoxic activities,cardiotoxicity
DB00511,DB05260,Acetyldigitoxin,Gallium nitrate,cardiotoxic activities,cardiotoxic activities,cardiotoxicity
DB00511,DB05265,Acetyldigitoxin,Ecabet,cardiotoxic activities,cardiotoxic activities,cardiotoxicity
DB00511,DB06243,Acetyldigitoxin,Eflornithine,cardiotoxic activities,cardiotoxic activities,cardiotoxicity
DB00511,DB06272,Acetyldigitoxin,Maxacalcitol,cardiotoxic activities,cardiotoxic activities,cardiotoxicity
DB00511,DB06704,Acetyldigitoxin,Iobenguane,cardiotoxic activities,cardiotoxic activities,cardiotoxicity
DB00511,DB06710,Acetyldigitoxin,Methyltestosterone,cardiotoxic activities,cardiotoxic activities,cardiotoxicity
DB00511,DB06771,Acetyldigitoxin,Besifloxacin,cardiotoxic activities,cardiotoxic activities,cardiotoxicity
DB00511,DB06789,Acetyldigitoxin,Hydroxyprogesterone caproate,cardiotoxic activities,cardiotoxic activities,cardiotoxicity
DB00511,DB06791,Acetyldigitoxin,Lanreotide,cardiotoxic activities,cardiotoxic activities,cardiotoxicity
DB00511,DB06819,Acetyldigitoxin,Phenylbutyric acid,cardiotoxic activities,cardiotoxic activities,cardiotoxicity
DB00511,DB08905,Acetyldigitoxin,Formestane,cardiotoxic activities,cardiotoxic activities,cardiotoxicity
DB00511,DB08913,Acetyldigitoxin,Radium Ra 223 Dichloride,cardiotoxic activities,cardiotoxic activities,cardiotoxicity
DB00511,DB09070,Acetyldigitoxin,Tibolone,cardiotoxic activities,cardiotoxic activities,cardiotoxicity
DB00511,DB09094,Acetyldigitoxin,Podophyllin,cardiotoxic activities,cardiotoxic activities,cardiotoxicity
DB00511,DB09123,Acetyldigitoxin,Dienogest,cardiotoxic activities,cardiotoxic activities,cardiotoxicity
DB00511,DB09124,Acetyldigitoxin,Medrogestone,cardiotoxic activities,cardiotoxic activities,cardiotoxicity
DB00511,DB09244,Acetyldigitoxin,Pirlindole,cardiotoxic activities,cardiotoxic activities,cardiotoxicity
DB00511,DB09269,Acetyldigitoxin,Phenylacetic acid,cardiotoxic activities,cardiotoxic activities,cardiotoxicity
DB00511,DB09335,Acetyldigitoxin,Alatrofloxacin,cardiotoxic activities,cardiotoxic activities,cardiotoxicity
DB00511,DB09401,Acetyldigitoxin,Isosorbide,cardiotoxic activities,cardiotoxic activities,cardiotoxicity
DB00511,DB09516,Acetyldigitoxin,Mequinol,cardiotoxic activities,cardiotoxic activities,cardiotoxicity
DB00511,DB11231,Acetyldigitoxin,Lycopene,cardiotoxic activities,cardiotoxic activities,cardiotoxicity
DB00511,DB11672,Acetyldigitoxin,Curcumin,cardiotoxic activities,cardiotoxic activities,cardiotoxicity
DB00511,DB11793,Acetyldigitoxin,Niraparib,cardiotoxic activities,cardiotoxic activities,cardiotoxicity
DB00511,DB12332,Acetyldigitoxin,Rucaparib,cardiotoxic activities,cardiotoxic activities,cardiotoxicity
DB00511,DB12473,Acetyldigitoxin,Taurolidine,cardiotoxic activities,cardiotoxic activities,cardiotoxicity
DB00511,DB13145,Acetyldigitoxin,Nedaplatin,cardiotoxic activities,cardiotoxic activities,cardiotoxicity
DB00511,DB00855,Acetyldigitoxin,Aminolevulinic acid,cardiotoxic activities,cardiotoxic activities,cardiotoxicity
DB00511,DB00992,Acetyldigitoxin,Methyl aminolevulinate,cardiotoxic activities,cardiotoxic activities,cardiotoxicity
DB00511,DB04845,Acetyldigitoxin,Ixabepilone,cardiotoxic activities,cardiotoxic activities,cardiotoxicity
DB00511,DB06813,Acetyldigitoxin,Pralatrexate,cardiotoxic activities,cardiotoxic activities,cardiotoxicity
DB00511,DB08875,Acetyldigitoxin,Cabozantinib,cardiotoxic activities,cardiotoxic activities,cardiotoxicity
DB00511,DB09143,Acetyldigitoxin,Sonidegib,cardiotoxic activities,cardiotoxic activities,cardiotoxicity
DB00511,DB11641,Acetyldigitoxin,Vinflunine,cardiotoxic activities,cardiotoxic activities,cardiotoxicity
DB00511,DB00688,Acetyldigitoxin,Mycophenolate mofetil,cardiotoxic activities,cardiotoxic activities,cardiotoxicity
DB00511,DB05239,Acetyldigitoxin,Cobimetinib,cardiotoxic activities,cardiotoxic activities,cardiotoxicity
DB00511,DB06699,Acetyldigitoxin,Degarelix,cardiotoxic activities,cardiotoxic activities,cardiotoxicity
DB00511,DB08899,Acetyldigitoxin,Enzalutamide,cardiotoxic activities,cardiotoxic activities,cardiotoxicity
DB00511,DB11363,Acetyldigitoxin,Alectinib,cardiotoxic activities,cardiotoxic activities,cardiotoxicity
DB00511,DB11581,Acetyldigitoxin,Venetoclax,cardiotoxic activities,cardiotoxic activities,cardiotoxicity
DB00511,DB11730,Acetyldigitoxin,Ribociclib,cardiotoxic activities,cardiotoxic activities,cardiotoxicity
DB00512,DB01111,Vancomycin,Colistimethate,nephrotoxic activities,nephrotoxic activities,nephrotoxicity
DB00512,DB00684,Vancomycin,Tobramycin,nephrotoxic activities,nephrotoxic activities,nephrotoxicity
DB00512,DB00798,Vancomycin,Gentamicin,nephrotoxic activities,nephrotoxic activities,nephrotoxicity
DB00512,DB01082,Vancomycin,Streptomycin,nephrotoxic activities,nephrotoxic activities,nephrotoxicity
DB00512,DB00955,Vancomycin,Netilmicin,nephrotoxic activities,nephrotoxic activities,nephrotoxicity
DB00512,DB01172,Vancomycin,Kanamycin,nephrotoxic activities,nephrotoxic activities,nephrotoxicity
DB00512,DB01421,Vancomycin,Paromomycin,nephrotoxic activities,nephrotoxic activities,nephrotoxicity
DB00512,DB03615,Vancomycin,Ribostamycin,nephrotoxic activities,nephrotoxic activities,nephrotoxicity
DB00512,DB06696,Vancomycin,Arbekacin,nephrotoxic activities,nephrotoxic activities,nephrotoxicity
DB00512,DB12615,Vancomycin,Plazomicin,nephrotoxic activities,nephrotoxic activities,nephrotoxicity
DB00515,DB01078,Cisplatin,Deslanoside,cardiotoxic activities,cardiotoxic activities,cardiotoxicity
DB00515,DB01092,Cisplatin,Ouabain,cardiotoxic activities,cardiotoxic activities,cardiotoxicity
DB00515,DB01396,Cisplatin,Digitoxin,cardiotoxic activities,cardiotoxic activities,cardiotoxicity
DB00515,DB00695,Cisplatin,Furosemide,risk or severity of ototoxicity and nephrotoxicity,risk or severity of ototoxicity and nephrotoxicity,nephrotoxicity
DB00515,DB00887,Cisplatin,Bumetanide,risk or severity of ototoxicity and nephrotoxicity,risk or severity of ototoxicity and nephrotoxicity,nephrotoxicity
DB00515,DB00903,Cisplatin,Etacrynic acid,risk or severity of ototoxicity and nephrotoxicity,risk or severity of ototoxicity and nephrotoxicity,nephrotoxicity
DB00515,DB02925,Cisplatin,Piretanide,risk or severity of ototoxicity and nephrotoxicity,risk or severity of ototoxicity and nephrotoxicity,nephrotoxicity
DB00515,DB01325,Cisplatin,Quinethazone,risk or severity of ototoxicity and nephrotoxicity,risk or severity of ototoxicity and nephrotoxicity,nephrotoxicity
DB00515,DB00774,Cisplatin,Hydroflumethiazide,risk or severity of ototoxicity and nephrotoxicity,risk or severity of ototoxicity and nephrotoxicity,nephrotoxicity
DB00515,DB01021,Cisplatin,Trichlormethiazide,risk or severity of ototoxicity and nephrotoxicity,risk or severity of ototoxicity and nephrotoxicity,nephrotoxicity
DB00515,DB00531,Cisplatin,Cyclophosphamide,cardiotoxic activities,cardiotoxic activities,cardiotoxicity
DB00515,DB00684,Cisplatin,Tobramycin,nephrotoxic activities,nephrotoxic activities,nephrotoxicity
DB00515,DB00798,Cisplatin,Gentamicin,nephrotoxic activities,nephrotoxic activities,nephrotoxicity
DB00515,DB01082,Cisplatin,Streptomycin,nephrotoxic activities,nephrotoxic activities,nephrotoxicity
DB00515,DB00955,Cisplatin,Netilmicin,nephrotoxic activities,nephrotoxic activities,nephrotoxicity
DB00515,DB01172,Cisplatin,Kanamycin,nephrotoxic activities,nephrotoxic activities,nephrotoxicity
DB00515,DB01421,Cisplatin,Paromomycin,nephrotoxic activities,nephrotoxic activities,nephrotoxicity
DB00515,DB03615,Cisplatin,Ribostamycin,nephrotoxic activities,nephrotoxic activities,nephrotoxicity
DB00515,DB06696,Cisplatin,Arbekacin,nephrotoxic activities,nephrotoxic activities,nephrotoxicity
DB00515,DB12615,Cisplatin,Plazomicin,nephrotoxic activities,nephrotoxic activities,nephrotoxicity
DB00518,DB01078,Albendazole,Deslanoside,cardiotoxic activities,cardiotoxic activities,cardiotoxicity
DB00518,DB01092,Albendazole,Ouabain,cardiotoxic activities,cardiotoxic activities,cardiotoxicity
DB00518,DB01396,Albendazole,Digitoxin,cardiotoxic activities,cardiotoxic activities,cardiotoxicity
DB00518,DB00531,Albendazole,Cyclophosphamide,cardiotoxic activities,cardiotoxic activities,cardiotoxicity
DB00519,DB09449,Trandolapril,Sodium phosphate,nephrotoxic activities,nephrotoxic activities,nephrotoxicity
DB00519,DB08907,Trandolapril,Canagliflozin,risk or severity of renal failure and hyperkalemia,risk or severity of renal failure,nephrotoxicity
DB00523,DB00563,Alitretinoin,Methotrexate,hepatotoxic activities,hepatotoxic activities,hepatotoxicity
DB00523,DB01078,Alitretinoin,Deslanoside,cardiotoxic activities,cardiotoxic activities,cardiotoxicity
DB00523,DB01092,Alitretinoin,Ouabain,cardiotoxic activities,cardiotoxic activities,cardiotoxicity
DB00523,DB01396,Alitretinoin,Digitoxin,cardiotoxic activities,cardiotoxic activities,cardiotoxicity
DB00523,DB00531,Alitretinoin,Cyclophosphamide,cardiotoxic activities,cardiotoxic activities,cardiotoxicity
DB00524,DB09449,Metolazone,Sodium phosphate,nephrotoxic activities,nephrotoxic activities,nephrotoxicity
DB00526,DB01078,Oxaliplatin,Deslanoside,cardiotoxic activities,cardiotoxic activities,cardiotoxicity
DB00526,DB01092,Oxaliplatin,Ouabain,cardiotoxic activities,cardiotoxic activities,cardiotoxicity
DB00526,DB01396,Oxaliplatin,Digitoxin,cardiotoxic activities,cardiotoxic activities,cardiotoxicity
DB00526,DB00531,Oxaliplatin,Cyclophosphamide,cardiotoxic activities,cardiotoxic activities,cardiotoxicity
DB00529,DB00681,Foscarnet,Amphotericin B,nephrotoxic activities,nephrotoxic activities,nephrotoxicity
DB00529,DB00563,Foscarnet,Methotrexate,nephrotoxic activities,nephrotoxic activities,nephrotoxicity
DB00529,DB00577,Foscarnet,Valaciclovir,nephrotoxic activities,nephrotoxic activities,nephrotoxicity
DB00529,DB00787,Foscarnet,Acyclovir,nephrotoxic activities,nephrotoxic activities,nephrotoxicity
DB00529,DB00864,Foscarnet,Tacrolimus,nephrotoxic activities,nephrotoxic activities,nephrotoxicity
DB00529,DB00684,Foscarnet,Tobramycin,nephrotoxic activities,nephrotoxic activities,nephrotoxicity
DB00529,DB00798,Foscarnet,Gentamicin,nephrotoxic activities,nephrotoxic activities,nephrotoxicity
DB00529,DB01082,Foscarnet,Streptomycin,nephrotoxic activities,nephrotoxic activities,nephrotoxicity
DB00529,DB00955,Foscarnet,Netilmicin,nephrotoxic activities,nephrotoxic activities,nephrotoxicity
DB00529,DB01172,Foscarnet,Kanamycin,nephrotoxic activities,nephrotoxic activities,nephrotoxicity
DB00529,DB01421,Foscarnet,Paromomycin,nephrotoxic activities,nephrotoxic activities,nephrotoxicity
DB00529,DB03615,Foscarnet,Ribostamycin,nephrotoxic activities,nephrotoxic activities,nephrotoxicity
DB00529,DB06696,Foscarnet,Arbekacin,nephrotoxic activities,nephrotoxic activities,nephrotoxicity
DB00529,DB12615,Foscarnet,Plazomicin,nephrotoxic activities,nephrotoxic activities,nephrotoxicity
DB00530,DB01078,Erlotinib,Deslanoside,cardiotoxic activities,cardiotoxic activities,cardiotoxicity
DB00530,DB01092,Erlotinib,Ouabain,cardiotoxic activities,cardiotoxic activities,cardiotoxicity
DB00530,DB01396,Erlotinib,Digitoxin,cardiotoxic activities,cardiotoxic activities,cardiotoxicity
DB00530,DB00531,Erlotinib,Cyclophosphamide,cardiotoxic activities,cardiotoxic activities,cardiotoxicity
DB00531,DB01118,Cyclophosphamide,Amiodarone,risk or severity of pulmonary toxicity,risk or severity of pulmonary toxicity,pulmonary toxicity
DB00531,DB00993,Cyclophosphamide,Azathioprine,hepatotoxic activities,hepatotoxic activities,hepatotoxicity
DB00531,DB00552,Cyclophosphamide,Pentostatin,cardiotoxic activities,cardiotoxic activities,cardiotoxicity
DB00531,DB01078,Cyclophosphamide,Deslanoside,cardiotoxic activities,cardiotoxic activities,cardiotoxicity
DB00531,DB01092,Cyclophosphamide,Ouabain,cardiotoxic activities,cardiotoxic activities,cardiotoxicity
DB00531,DB01396,Cyclophosphamide,Digitoxin,cardiotoxic activities,cardiotoxic activities,cardiotoxicity
DB00531,DB00541,Cyclophosphamide,Vincristine,cardiotoxic activities,cardiotoxic activities,cardiotoxicity
DB00531,DB00544,Cyclophosphamide,Fluorouracil,cardiotoxic activities,cardiotoxic activities,cardiotoxicity
DB00531,DB00563,Cyclophosphamide,Methotrexate,cardiotoxic activities,cardiotoxic activities,cardiotoxicity
DB00531,DB00570,Cyclophosphamide,Vinblastine,cardiotoxic activities,cardiotoxic activities,cardiotoxicity
DB00531,DB00619,Cyclophosphamide,Imatinib,cardiotoxic activities,cardiotoxic activities,cardiotoxicity
DB00531,DB00631,Cyclophosphamide,Clofarabine,cardiotoxic activities,cardiotoxic activities,cardiotoxicity
DB00531,DB00642,Cyclophosphamide,Pemetrexed,cardiotoxic activities,cardiotoxic activities,cardiotoxicity
DB00531,DB00694,Cyclophosphamide,Daunorubicin,cardiotoxic activities,cardiotoxic activities,cardiotoxicity
DB00531,DB00762,Cyclophosphamide,Irinotecan,cardiotoxic activities,cardiotoxic activities,cardiotoxicity
DB00531,DB00773,Cyclophosphamide,Etoposide,cardiotoxic activities,cardiotoxic activities,cardiotoxicity
DB00531,DB00851,Cyclophosphamide,Dacarbazine,cardiotoxic activities,cardiotoxic activities,cardiotoxicity
DB00531,DB00853,Cyclophosphamide,Temozolomide,cardiotoxic activities,cardiotoxic activities,cardiotoxicity
DB00531,DB00888,Cyclophosphamide,Mechlorethamine,cardiotoxic activities,cardiotoxic activities,cardiotoxicity
DB00531,DB00928,Cyclophosphamide,Azacitidine,cardiotoxic activities,cardiotoxic activities,cardiotoxicity
DB00531,DB00958,Cyclophosphamide,Carboplatin,cardiotoxic activities,cardiotoxic activities,cardiotoxicity
DB00531,DB00970,Cyclophosphamide,Dactinomycin,cardiotoxic activities,cardiotoxic activities,cardiotoxicity
DB00531,DB00987,Cyclophosphamide,Cytarabine,cardiotoxic activities,cardiotoxic activities,cardiotoxicity
DB00531,DB00997,Cyclophosphamide,Doxorubicin,cardiotoxic activities,cardiotoxic activities,cardiotoxicity
DB00531,DB01005,Cyclophosphamide,Hydroxyurea,cardiotoxic activities,cardiotoxic activities,cardiotoxicity
DB00531,DB01008,Cyclophosphamide,Busulfan,cardiotoxic activities,cardiotoxic activities,cardiotoxicity
DB00531,DB01033,Cyclophosphamide,Mercaptopurine,cardiotoxic activities,cardiotoxic activities,cardiotoxicity
DB00531,DB01042,Cyclophosphamide,Melphalan,cardiotoxic activities,cardiotoxic activities,cardiotoxicity
DB00531,DB01073,Cyclophosphamide,Fludarabine,cardiotoxic activities,cardiotoxic activities,cardiotoxicity
DB00531,DB01101,Cyclophosphamide,Capecitabine,cardiotoxic activities,cardiotoxic activities,cardiotoxicity
DB00531,DB01168,Cyclophosphamide,Procarbazine,cardiotoxic activities,cardiotoxic activities,cardiotoxicity
DB00531,DB01169,Cyclophosphamide,Arsenic trioxide,cardiotoxic activities,cardiotoxic activities,cardiotoxicity
DB00531,DB01177,Cyclophosphamide,Idarubicin,cardiotoxic activities,cardiotoxic activities,cardiotoxicity
DB00531,DB01181,Cyclophosphamide,Ifosfamide,cardiotoxic activities,cardiotoxic activities,cardiotoxicity
DB00531,DB01196,Cyclophosphamide,Estramustine,cardiotoxic activities,cardiotoxic activities,cardiotoxicity
DB00531,DB01204,Cyclophosphamide,Mitoxantrone,cardiotoxic activities,cardiotoxic activities,cardiotoxicity
DB00531,DB01206,Cyclophosphamide,Lomustine,cardiotoxic activities,cardiotoxic activities,cardiotoxicity
DB00531,DB01229,Cyclophosphamide,Paclitaxel,cardiotoxic activities,cardiotoxic activities,cardiotoxicity
DB00531,DB01248,Cyclophosphamide,Docetaxel,cardiotoxic activities,cardiotoxic activities,cardiotoxicity
DB00531,DB01254,Cyclophosphamide,Dasatinib,cardiotoxic activities,cardiotoxic activities,cardiotoxicity
DB00531,DB01259,Cyclophosphamide,Lapatinib,cardiotoxic activities,cardiotoxic activities,cardiotoxicity
DB00531,DB01262,Cyclophosphamide,Decitabine,cardiotoxic activities,cardiotoxic activities,cardiotoxicity
DB00531,DB01268,Cyclophosphamide,Sunitinib,cardiotoxic activities,cardiotoxic activities,cardiotoxicity
DB00531,DB02546,Cyclophosphamide,Vorinostat,cardiotoxic activities,cardiotoxic activities,cardiotoxicity
DB00531,DB04572,Cyclophosphamide,Thiotepa,cardiotoxic activities,cardiotoxic activities,cardiotoxicity
DB00531,DB04865,Cyclophosphamide,Omacetaxine mepesuccinate,cardiotoxic activities,cardiotoxic activities,cardiotoxicity
DB00531,DB05015,Cyclophosphamide,Belinostat,cardiotoxic activities,cardiotoxic activities,cardiotoxicity
DB00531,DB05109,Cyclophosphamide,Trabectedin,cardiotoxic activities,cardiotoxic activities,cardiotoxicity
DB00531,DB06176,Cyclophosphamide,Romidepsin,cardiotoxic activities,cardiotoxic activities,cardiotoxicity
DB00531,DB06193,Cyclophosphamide,Pixantrone,cardiotoxic activities,cardiotoxic activities,cardiotoxicity
DB00531,DB06263,Cyclophosphamide,Amrubicin,cardiotoxic activities,cardiotoxic activities,cardiotoxicity
DB00531,DB06287,Cyclophosphamide,Temsirolimus,cardiotoxic activities,cardiotoxic activities,cardiotoxicity
DB00531,DB06769,Cyclophosphamide,Bendamustine,cardiotoxic activities,cardiotoxic activities,cardiotoxicity
DB00531,DB06810,Cyclophosphamide,Plicamycin,cardiotoxic activities,cardiotoxic activities,cardiotoxicity
DB00531,DB08901,Cyclophosphamide,Ponatinib,cardiotoxic activities,cardiotoxic activities,cardiotoxicity
DB00531,DB08911,Cyclophosphamide,Trametinib,cardiotoxic activities,cardiotoxic activities,cardiotoxicity
DB00531,DB09031,Cyclophosphamide,Miltefosine,cardiotoxic activities,cardiotoxic activities,cardiotoxicity
DB00531,DB09054,Cyclophosphamide,Idelalisib,cardiotoxic activities,cardiotoxic activities,cardiotoxicity
DB00531,DB09074,Cyclophosphamide,Olaparib,cardiotoxic activities,cardiotoxic activities,cardiotoxicity
DB00531,DB09078,Cyclophosphamide,Lenvatinib,cardiotoxic activities,cardiotoxic activities,cardiotoxicity
DB00531,DB09079,Cyclophosphamide,Nintedanib,cardiotoxic activities,cardiotoxic activities,cardiotoxicity
DB00531,DB09256,Cyclophosphamide,Tegafur,cardiotoxic activities,cardiotoxic activities,cardiotoxicity
DB00531,DB09570,Cyclophosphamide,Ixazomib,cardiotoxic activities,cardiotoxic activities,cardiotoxicity
DB00531,DB11630,Cyclophosphamide,Temoporfin,cardiotoxic activities,cardiotoxic activities,cardiotoxicity
DB00531,DB00665,Cyclophosphamide,Nilutamide,cardiotoxic activities,cardiotoxic activities,cardiotoxicity
DB00531,DB00675,Cyclophosphamide,Tamoxifen,cardiotoxic activities,cardiotoxic activities,cardiotoxicity
DB00531,DB00947,Cyclophosphamide,Fulvestrant,cardiotoxic activities,cardiotoxic activities,cardiotoxicity
DB00531,DB00990,Cyclophosphamide,Exemestane,cardiotoxic activities,cardiotoxic activities,cardiotoxicity
DB00531,DB01006,Cyclophosphamide,Letrozole,cardiotoxic activities,cardiotoxic activities,cardiotoxicity
DB00531,DB01128,Cyclophosphamide,Bicalutamide,cardiotoxic activities,cardiotoxic activities,cardiotoxicity
DB00531,DB01217,Cyclophosphamide,Anastrozole,cardiotoxic activities,cardiotoxic activities,cardiotoxicity
DB00531,DB01280,Cyclophosphamide,Nelarabine,cardiotoxic activities,cardiotoxic activities,cardiotoxicity
DB00531,DB04868,Cyclophosphamide,Nilotinib,cardiotoxic activities,cardiotoxic activities,cardiotoxicity
DB00531,DB05294,Cyclophosphamide,Vandetanib,cardiotoxic activities,cardiotoxic activities,cardiotoxicity
DB00531,DB06626,Cyclophosphamide,Axitinib,cardiotoxic activities,cardiotoxic activities,cardiotoxicity
DB00531,DB06772,Cyclophosphamide,Cabazitaxel,cardiotoxic activities,cardiotoxic activities,cardiotoxicity
DB00531,DB08828,Cyclophosphamide,Vismodegib,cardiotoxic activities,cardiotoxic activities,cardiotoxicity
DB00531,DB08865,Cyclophosphamide,Crizotinib,cardiotoxic activities,cardiotoxic activities,cardiotoxicity
DB00531,DB08871,Cyclophosphamide,Eribulin,cardiotoxic activities,cardiotoxic activities,cardiotoxicity
DB00531,DB08877,Cyclophosphamide,Ruxolitinib,cardiotoxic activities,cardiotoxic activities,cardiotoxicity
DB00531,DB08889,Cyclophosphamide,Carfilzomib,cardiotoxic activities,cardiotoxic activities,cardiotoxicity
DB00531,DB08896,Cyclophosphamide,Regorafenib,cardiotoxic activities,cardiotoxic activities,cardiotoxicity
DB00531,DB06595,Cyclophosphamide,Midostaurin,cardiotoxic activities,cardiotoxic activities,cardiotoxicity
DB00531,DB06825,Cyclophosphamide,Triptorelin,cardiotoxic activities,cardiotoxic activities,cardiotoxicity
DB00531,DB08910,Cyclophosphamide,Pomalidomide,cardiotoxic activities,cardiotoxic activities,cardiotoxicity
DB00531,DB09330,Cyclophosphamide,Osimertinib,cardiotoxic activities,cardiotoxic activities,cardiotoxicity
DB00531,DB00755,Cyclophosphamide,Tretinoin,cardiotoxic activities,cardiotoxic activities,cardiotoxicity
DB00531,DB00537,Cyclophosphamide,Ciprofloxacin,cardiotoxic activities,cardiotoxic activities,cardiotoxicity
DB00531,DB00539,Cyclophosphamide,Toremifene,cardiotoxic activities,cardiotoxic activities,cardiotoxicity
DB00531,DB00548,Cyclophosphamide,Azelaic Acid,cardiotoxic activities,cardiotoxic activities,cardiotoxicity
DB00531,DB00603,Cyclophosphamide,Medroxyprogesterone acetate,cardiotoxic activities,cardiotoxic activities,cardiotoxicity
DB00531,DB00605,Cyclophosphamide,Sulindac,cardiotoxic activities,cardiotoxic activities,cardiotoxicity
DB00531,DB00635,Cyclophosphamide,Prednisone,cardiotoxic activities,cardiotoxic activities,cardiotoxicity
DB00531,DB00643,Cyclophosphamide,Mebendazole,cardiotoxic activities,cardiotoxic activities,cardiotoxicity
DB00531,DB00685,Cyclophosphamide,Trovafloxacin,cardiotoxic activities,cardiotoxic activities,cardiotoxicity
DB00531,DB00724,Cyclophosphamide,Imiquimod,cardiotoxic activities,cardiotoxic activities,cardiotoxicity
DB00531,DB00779,Cyclophosphamide,Nalidixic Acid,cardiotoxic activities,cardiotoxic activities,cardiotoxicity
DB00531,DB00791,Cyclophosphamide,Uracil mustard,cardiotoxic activities,cardiotoxic activities,cardiotoxicity
DB00531,DB00827,Cyclophosphamide,Cinoxacin,cardiotoxic activities,cardiotoxic activities,cardiotoxicity
DB00531,DB00860,Cyclophosphamide,Prednisolone,cardiotoxic activities,cardiotoxic activities,cardiotoxicity
DB00531,DB00877,Cyclophosphamide,Sirolimus,cardiotoxic activities,cardiotoxic activities,cardiotoxicity
DB00531,DB00894,Cyclophosphamide,Testolactone,cardiotoxic activities,cardiotoxic activities,cardiotoxicity
DB00531,DB00959,Cyclophosphamide,Methylprednisolone,cardiotoxic activities,cardiotoxic activities,cardiotoxicity
DB00531,DB00978,Cyclophosphamide,Lomefloxacin,cardiotoxic activities,cardiotoxic activities,cardiotoxicity
DB00531,DB01024,Cyclophosphamide,Mycophenolic acid,cardiotoxic activities,cardiotoxic activities,cardiotoxicity
DB00531,DB01041,Cyclophosphamide,Thalidomide,cardiotoxic activities,cardiotoxic activities,cardiotoxicity
DB00531,DB01044,Cyclophosphamide,Gatifloxacin,cardiotoxic activities,cardiotoxic activities,cardiotoxicity
DB00531,DB01059,Cyclophosphamide,Norfloxacin,cardiotoxic activities,cardiotoxic activities,cardiotoxicity
DB00531,DB01103,Cyclophosphamide,Quinacrine,cardiotoxic activities,cardiotoxic activities,cardiotoxicity
DB00531,DB01108,Cyclophosphamide,Trilostane,cardiotoxic activities,cardiotoxic activities,cardiotoxicity
DB00531,DB01137,Cyclophosphamide,Levofloxacin,cardiotoxic activities,cardiotoxic activities,cardiotoxicity
DB00531,DB01155,Cyclophosphamide,Gemifloxacin,cardiotoxic activities,cardiotoxic activities,cardiotoxicity
DB00531,DB01157,Cyclophosphamide,Trimetrexate,cardiotoxic activities,cardiotoxic activities,cardiotoxicity
DB00531,DB01165,Cyclophosphamide,Ofloxacin,cardiotoxic activities,cardiotoxic activities,cardiotoxicity
DB00531,DB01179,Cyclophosphamide,Podofilox,cardiotoxic activities,cardiotoxic activities,cardiotoxicity
DB00531,DB01208,Cyclophosphamide,Sparfloxacin,cardiotoxic activities,cardiotoxic activities,cardiotoxicity
DB00531,DB01234,Cyclophosphamide,Dexamethasone,cardiotoxic activities,cardiotoxic activities,cardiotoxicity
DB00531,DB02300,Cyclophosphamide,Calcipotriol,cardiotoxic activities,cardiotoxic activities,cardiotoxicity
DB00531,DB02709,Cyclophosphamide,Resveratrol,cardiotoxic activities,cardiotoxic activities,cardiotoxicity
DB00531,DB04576,Cyclophosphamide,Fleroxacin,cardiotoxic activities,cardiotoxic activities,cardiotoxicity
DB00531,DB04786,Cyclophosphamide,Suramin,cardiotoxic activities,cardiotoxic activities,cardiotoxicity
DB00531,DB04839,Cyclophosphamide,Cyproterone acetate,cardiotoxic activities,cardiotoxic activities,cardiotoxicity
DB00531,DB04894,Cyclophosphamide,Vapreotide,cardiotoxic activities,cardiotoxic activities,cardiotoxicity
DB00531,DB04951,Cyclophosphamide,Pirfenidone,cardiotoxic activities,cardiotoxic activities,cardiotoxicity
DB00531,DB05260,Cyclophosphamide,Gallium nitrate,cardiotoxic activities,cardiotoxic activities,cardiotoxicity
DB00531,DB05265,Cyclophosphamide,Ecabet,cardiotoxic activities,cardiotoxic activities,cardiotoxicity
DB00531,DB06243,Cyclophosphamide,Eflornithine,cardiotoxic activities,cardiotoxic activities,cardiotoxicity
DB00531,DB06272,Cyclophosphamide,Maxacalcitol,cardiotoxic activities,cardiotoxic activities,cardiotoxicity
DB00531,DB06704,Cyclophosphamide,Iobenguane,cardiotoxic activities,cardiotoxic activities,cardiotoxicity
DB00531,DB06710,Cyclophosphamide,Methyltestosterone,cardiotoxic activities,cardiotoxic activities,cardiotoxicity
DB00531,DB06771,Cyclophosphamide,Besifloxacin,cardiotoxic activities,cardiotoxic activities,cardiotoxicity
DB00531,DB06789,Cyclophosphamide,Hydroxyprogesterone caproate,cardiotoxic activities,cardiotoxic activities,cardiotoxicity
DB00531,DB06791,Cyclophosphamide,Lanreotide,cardiotoxic activities,cardiotoxic activities,cardiotoxicity
DB00531,DB06819,Cyclophosphamide,Phenylbutyric acid,cardiotoxic activities,cardiotoxic activities,cardiotoxicity
DB00531,DB08905,Cyclophosphamide,Formestane,cardiotoxic activities,cardiotoxic activities,cardiotoxicity
DB00531,DB08913,Cyclophosphamide,Radium Ra 223 Dichloride,cardiotoxic activities,cardiotoxic activities,cardiotoxicity
DB00531,DB09070,Cyclophosphamide,Tibolone,cardiotoxic activities,cardiotoxic activities,cardiotoxicity
DB00531,DB09094,Cyclophosphamide,Podophyllin,cardiotoxic activities,cardiotoxic activities,cardiotoxicity
DB00531,DB09123,Cyclophosphamide,Dienogest,cardiotoxic activities,cardiotoxic activities,cardiotoxicity
DB00531,DB09124,Cyclophosphamide,Medrogestone,cardiotoxic activities,cardiotoxic activities,cardiotoxicity
DB00531,DB09244,Cyclophosphamide,Pirlindole,cardiotoxic activities,cardiotoxic activities,cardiotoxicity
DB00531,DB09269,Cyclophosphamide,Phenylacetic acid,cardiotoxic activities,cardiotoxic activities,cardiotoxicity
DB00531,DB09335,Cyclophosphamide,Alatrofloxacin,cardiotoxic activities,cardiotoxic activities,cardiotoxicity
DB00531,DB09401,Cyclophosphamide,Isosorbide,cardiotoxic activities,cardiotoxic activities,cardiotoxicity
DB00531,DB09516,Cyclophosphamide,Mequinol,cardiotoxic activities,cardiotoxic activities,cardiotoxicity
DB00531,DB11231,Cyclophosphamide,Lycopene,cardiotoxic activities,cardiotoxic activities,cardiotoxicity
DB00531,DB11672,Cyclophosphamide,Curcumin,cardiotoxic activities,cardiotoxic activities,cardiotoxicity
DB00531,DB11793,Cyclophosphamide,Niraparib,cardiotoxic activities,cardiotoxic activities,cardiotoxicity
DB00531,DB12332,Cyclophosphamide,Rucaparib,cardiotoxic activities,cardiotoxic activities,cardiotoxicity
DB00531,DB12473,Cyclophosphamide,Taurolidine,cardiotoxic activities,cardiotoxic activities,cardiotoxicity
DB00531,DB13145,Cyclophosphamide,Nedaplatin,cardiotoxic activities,cardiotoxic activities,cardiotoxicity
DB00531,DB00855,Cyclophosphamide,Aminolevulinic acid,cardiotoxic activities,cardiotoxic activities,cardiotoxicity
DB00531,DB00992,Cyclophosphamide,Methyl aminolevulinate,cardiotoxic activities,cardiotoxic activities,cardiotoxicity
DB00531,DB04845,Cyclophosphamide,Ixabepilone,cardiotoxic activities,cardiotoxic activities,cardiotoxicity
DB00531,DB06813,Cyclophosphamide,Pralatrexate,cardiotoxic activities,cardiotoxic activities,cardiotoxicity
DB00531,DB08875,Cyclophosphamide,Cabozantinib,cardiotoxic activities,cardiotoxic activities,cardiotoxicity
DB00531,DB09143,Cyclophosphamide,Sonidegib,cardiotoxic activities,cardiotoxic activities,cardiotoxicity
DB00531,DB11641,Cyclophosphamide,Vinflunine,cardiotoxic activities,cardiotoxic activities,cardiotoxicity
DB00531,DB00688,Cyclophosphamide,Mycophenolate mofetil,cardiotoxic activities,cardiotoxic activities,cardiotoxicity
DB00531,DB05239,Cyclophosphamide,Cobimetinib,cardiotoxic activities,cardiotoxic activities,cardiotoxicity
DB00531,DB06699,Cyclophosphamide,Degarelix,cardiotoxic activities,cardiotoxic activities,cardiotoxicity
DB00531,DB11363,Cyclophosphamide,Alectinib,cardiotoxic activities,cardiotoxic activities,cardiotoxicity
DB00531,DB11581,Cyclophosphamide,Venetoclax,cardiotoxic activities,cardiotoxic activities,cardiotoxicity
DB00531,DB11730,Cyclophosphamide,Ribociclib,cardiotoxic activities,cardiotoxic activities,cardiotoxicity
DB00533,DB09449,Rofecoxib,Sodium phosphate,nephrotoxic activities,nephrotoxic activities,nephrotoxicity
DB00533,DB00864,Rofecoxib,Tacrolimus,nephrotoxic activities,nephrotoxic activities,nephrotoxicity
DB00535,DB00684,Cefdinir,Tobramycin,nephrotoxic activities,nephrotoxic activities,nephrotoxicity
DB00535,DB00798,Cefdinir,Gentamicin,nephrotoxic activities,nephrotoxic activities,nephrotoxicity
DB00535,DB01082,Cefdinir,Streptomycin,nephrotoxic activities,nephrotoxic activities,nephrotoxicity
DB00535,DB00955,Cefdinir,Netilmicin,nephrotoxic activities,nephrotoxic activities,nephrotoxicity
DB00535,DB01172,Cefdinir,Kanamycin,nephrotoxic activities,nephrotoxic activities,nephrotoxicity
DB00535,DB01421,Cefdinir,Paromomycin,nephrotoxic activities,nephrotoxic activities,nephrotoxicity
DB00535,DB03615,Cefdinir,Ribostamycin,nephrotoxic activities,nephrotoxic activities,nephrotoxicity
DB00535,DB06696,Cefdinir,Arbekacin,nephrotoxic activities,nephrotoxic activities,nephrotoxicity
DB00535,DB12615,Cefdinir,Plazomicin,nephrotoxic activities,nephrotoxic activities,nephrotoxicity
DB00537,DB01078,Ciprofloxacin,Deslanoside,cardiotoxic activities,cardiotoxic activities,cardiotoxicity
DB00537,DB01092,Ciprofloxacin,Ouabain,cardiotoxic activities,cardiotoxic activities,cardiotoxicity
DB00537,DB01396,Ciprofloxacin,Digitoxin,cardiotoxic activities,cardiotoxic activities,cardiotoxicity
DB00539,DB01078,Toremifene,Deslanoside,cardiotoxic activities,cardiotoxic activities,cardiotoxicity
DB00539,DB01092,Toremifene,Ouabain,cardiotoxic activities,cardiotoxic activities,cardiotoxicity
DB00539,DB01396,Toremifene,Digitoxin,cardiotoxic activities,cardiotoxic activities,cardiotoxicity
DB00541,DB01078,Vincristine,Deslanoside,cardiotoxic activities,cardiotoxic activities,cardiotoxicity
DB00541,DB01092,Vincristine,Ouabain,cardiotoxic activities,cardiotoxic activities,cardiotoxicity
DB00541,DB01396,Vincristine,Digitoxin,cardiotoxic activities,cardiotoxic activities,cardiotoxicity
DB00542,DB09449,Benazepril,Sodium phosphate,nephrotoxic activities,nephrotoxic activities,nephrotoxicity
DB00542,DB08907,Benazepril,Canagliflozin,risk or severity of renal failure and hyperkalemia,risk or severity of renal failure,nephrotoxicity
DB00544,DB01078,Fluorouracil,Deslanoside,cardiotoxic activities,cardiotoxic activities,cardiotoxicity
DB00544,DB01092,Fluorouracil,Ouabain,cardiotoxic activities,cardiotoxic activities,cardiotoxicity
DB00544,DB01396,Fluorouracil,Digitoxin,cardiotoxic activities,cardiotoxic activities,cardiotoxicity
DB00548,DB01078,Azelaic Acid,Deslanoside,cardiotoxic activities,cardiotoxic activities,cardiotoxicity
DB00548,DB01092,Azelaic Acid,Ouabain,cardiotoxic activities,cardiotoxic activities,cardiotoxicity
DB00548,DB01396,Azelaic Acid,Digitoxin,cardiotoxic activities,cardiotoxic activities,cardiotoxicity
DB00552,DB01078,Pentostatin,Deslanoside,cardiotoxic activities,cardiotoxic activities,cardiotoxicity
DB00552,DB01092,Pentostatin,Ouabain,cardiotoxic activities,cardiotoxic activities,cardiotoxicity
DB00552,DB01396,Pentostatin,Digitoxin,cardiotoxic activities,cardiotoxic activities,cardiotoxicity
DB00554,DB09449,Piroxicam,Sodium phosphate,nephrotoxic activities,nephrotoxic activities,nephrotoxicity
DB00554,DB00864,Piroxicam,Tacrolimus,nephrotoxic activities,nephrotoxic activities,nephrotoxicity
DB00559,DB01016,Bosentan,Glyburide,hepatotoxic activities,hepatotoxic activities,hepatotoxicity
DB00563,DB01078,Methotrexate,Deslanoside,cardiotoxic activities,cardiotoxic activities,cardiotoxicity
DB00563,DB01092,Methotrexate,Ouabain,cardiotoxic activities,cardiotoxic activities,cardiotoxicity
DB00563,DB01396,Methotrexate,Digitoxin,cardiotoxic activities,cardiotoxic activities,cardiotoxicity
DB00563,DB05528,Methotrexate,Mipomersen,hepatotoxic activities,hepatotoxic activities,hepatotoxicity
DB00563,DB00795,Methotrexate,Sulfasalazine,hepatotoxic activities,hepatotoxic activities,hepatotoxicity
DB00570,DB01078,Vinblastine,Deslanoside,cardiotoxic activities,cardiotoxic activities,cardiotoxicity
DB00570,DB01092,Vinblastine,Ouabain,cardiotoxic activities,cardiotoxic activities,cardiotoxicity
DB00570,DB01396,Vinblastine,Digitoxin,cardiotoxic activities,cardiotoxic activities,cardiotoxicity
DB00573,DB09449,Fenoprofen,Sodium phosphate,nephrotoxic activities,nephrotoxic activities,nephrotoxicity
DB00573,DB00864,Fenoprofen,Tacrolimus,nephrotoxic activities,nephrotoxic activities,nephrotoxicity
DB00580,DB09449,Valdecoxib,Sodium phosphate,nephrotoxic activities,nephrotoxic activities,nephrotoxicity
DB00580,DB00864,Valdecoxib,Tacrolimus,nephrotoxic activities,nephrotoxic activities,nephrotoxicity
DB00584,DB09449,Enalapril,Sodium phosphate,nephrotoxic activities,nephrotoxic activities,nephrotoxicity
DB00584,DB08907,Enalapril,Canagliflozin,risk or severity of renal failure and hyperkalemia,risk or severity of renal failure,nephrotoxicity
DB00586,DB09449,Diclofenac,Sodium phosphate,nephrotoxic activities,nephrotoxic activities,nephrotoxicity
DB00586,DB00864,Diclofenac,Tacrolimus,nephrotoxic activities,nephrotoxic activities,nephrotoxicity
DB00594,DB09449,Amiloride,Sodium phosphate,nephrotoxic activities,nephrotoxic activities,nephrotoxicity
DB00595,DB05528,Oxytetracycline,Mipomersen,hepatotoxic activities,hepatotoxic activities,hepatotoxicity
DB00603,DB01078,Medroxyprogesterone acetate,Deslanoside,cardiotoxic activities,cardiotoxic activities,cardiotoxicity
DB00603,DB01092,Medroxyprogesterone acetate,Ouabain,cardiotoxic activities,cardiotoxic activities,cardiotoxicity
DB00603,DB01396,Medroxyprogesterone acetate,Digitoxin,cardiotoxic activities,cardiotoxic activities,cardiotoxicity
DB00605,DB09449,Sulindac,Sodium phosphate,nephrotoxic activities,nephrotoxic activities,nephrotoxicity
DB00605,DB01078,Sulindac,Deslanoside,cardiotoxic activities,cardiotoxic activities,cardiotoxicity
DB00605,DB01092,Sulindac,Ouabain,cardiotoxic activities,cardiotoxic activities,cardiotoxicity
DB00605,DB01396,Sulindac,Digitoxin,cardiotoxic activities,cardiotoxic activities,cardiotoxicity
DB00605,DB00864,Sulindac,Tacrolimus,nephrotoxic activities,nephrotoxic activities,nephrotoxicity
DB00606,DB09449,Cyclothiazide,Sodium phosphate,nephrotoxic activities,nephrotoxic activities,nephrotoxicity
DB00608,DB09449,Chloroquine,Sodium phosphate,nephrotoxic activities,nephrotoxic activities,nephrotoxicity
DB00608,DB01250,Chloroquine,Olsalazine,nephrotoxic activities,nephrotoxic activities,nephrotoxicity
DB00608,DB00864,Chloroquine,Tacrolimus,nephrotoxic activities,nephrotoxic activities,nephrotoxicity
DB00613,DB00625,Amodiaquine,Efavirenz,hepatotoxic activities,hepatotoxic activities,hepatotoxicity
DB00615,DB00951,Rifabutin,Isoniazid,hepatotoxic activities,hepatotoxic activities,hepatotoxicity
DB00618,DB05528,Demeclocycline,Mipomersen,hepatotoxic activities,hepatotoxic activities,hepatotoxicity
DB00619,DB01078,Imatinib,Deslanoside,cardiotoxic activities,cardiotoxic activities,cardiotoxicity
DB00619,DB01092,Imatinib,Ouabain,cardiotoxic activities,cardiotoxic activities,cardiotoxicity
DB00619,DB01396,Imatinib,Digitoxin,cardiotoxic activities,cardiotoxic activities,cardiotoxicity
DB00619,DB09288,Imatinib,Propacetamol,hepatotoxic activities,hepatotoxic activities,hepatotoxicity
DB00626,DB01111,Bacitracin,Colistimethate,nephrotoxic activities,nephrotoxic activities,nephrotoxicity
DB00626,DB01172,Bacitracin,Kanamycin,nephrotoxic activities,nephrotoxic activities,nephrotoxicity
DB00626,DB01082,Bacitracin,Streptomycin,nephrotoxic activities,nephrotoxic activities,nephrotoxicity
DB00626,DB00781,Bacitracin,Polymyxin B Sulfate,nephrotoxic activities,nephrotoxic activities,nephrotoxicity
DB00631,DB01078,Clofarabine,Deslanoside,cardiotoxic activities,cardiotoxic activities,cardiotoxicity
DB00631,DB01092,Clofarabine,Ouabain,cardiotoxic activities,cardiotoxic activities,cardiotoxicity
DB00631,DB01396,Clofarabine,Digitoxin,cardiotoxic activities,cardiotoxic activities,cardiotoxicity
DB00635,DB01078,Prednisone,Deslanoside,cardiotoxic activities,cardiotoxic activities,cardiotoxicity
DB00635,DB01092,Prednisone,Ouabain,cardiotoxic activities,cardiotoxic activities,cardiotoxicity
DB00635,DB01396,Prednisone,Digitoxin,cardiotoxic activities,cardiotoxic activities,cardiotoxicity
DB00642,DB01078,Pemetrexed,Deslanoside,cardiotoxic activities,cardiotoxic activities,cardiotoxicity
DB00642,DB01092,Pemetrexed,Ouabain,cardiotoxic activities,cardiotoxic activities,cardiotoxicity
DB00642,DB01396,Pemetrexed,Digitoxin,cardiotoxic activities,cardiotoxic activities,cardiotoxicity
DB00643,DB01078,Mebendazole,Deslanoside,cardiotoxic activities,cardiotoxic activities,cardiotoxicity
DB00643,DB01092,Mebendazole,Ouabain,cardiotoxic activities,cardiotoxic activities,cardiotoxicity
DB00643,DB01396,Mebendazole,Digitoxin,cardiotoxic activities,cardiotoxic activities,cardiotoxicity
DB00648,DB01078,Mitotane,Deslanoside,cardiotoxic activities,cardiotoxic activities,cardiotoxicity
DB00648,DB01092,Mitotane,Ouabain,cardiotoxic activities,cardiotoxic activities,cardiotoxicity
DB00649,DB00811,Stavudine,Ribavirin,hepatotoxic activities,hepatotoxic activities,hepatotoxicity
DB00665,DB01078,Nilutamide,Deslanoside,cardiotoxic activities,cardiotoxic activities,cardiotoxicity
DB00665,DB01092,Nilutamide,Ouabain,cardiotoxic activities,cardiotoxic activities,cardiotoxicity
DB00665,DB01396,Nilutamide,Digitoxin,cardiotoxic activities,cardiotoxic activities,cardiotoxicity
DB00671,DB00684,Cefixime,Tobramycin,nephrotoxic activities,nephrotoxic activities,nephrotoxicity
DB00671,DB00798,Cefixime,Gentamicin,nephrotoxic activities,nephrotoxic activities,nephrotoxicity
DB00671,DB01082,Cefixime,Streptomycin,nephrotoxic activities,nephrotoxic activities,nephrotoxicity
DB00671,DB00955,Cefixime,Netilmicin,nephrotoxic activities,nephrotoxic activities,nephrotoxicity
DB00671,DB01172,Cefixime,Kanamycin,nephrotoxic activities,nephrotoxic activities,nephrotoxicity
DB00671,DB01421,Cefixime,Paromomycin,nephrotoxic activities,nephrotoxic activities,nephrotoxicity
DB00671,DB03615,Cefixime,Ribostamycin,nephrotoxic activities,nephrotoxic activities,nephrotoxicity
DB00671,DB06696,Cefixime,Arbekacin,nephrotoxic activities,nephrotoxic activities,nephrotoxicity
DB00671,DB12615,Cefixime,Plazomicin,nephrotoxic activities,nephrotoxic activities,nephrotoxicity
DB00675,DB01078,Tamoxifen,Deslanoside,cardiotoxic activities,cardiotoxic activities,cardiotoxicity
DB00675,DB01092,Tamoxifen,Ouabain,cardiotoxic activities,cardiotoxic activities,cardiotoxicity
DB00675,DB01396,Tamoxifen,Digitoxin,cardiotoxic activities,cardiotoxic activities,cardiotoxicity
DB00675,DB05528,Tamoxifen,Mipomersen,hepatotoxic activities,hepatotoxic activities,hepatotoxicity
DB00678,DB09449,Losartan,Sodium phosphate,nephrotoxic activities,nephrotoxic activities,nephrotoxicity
DB00681,DB01111,Amphotericin B,Colistimethate,nephrotoxic activities,nephrotoxic activities,nephrotoxicity
DB00681,DB00684,Amphotericin B,Tobramycin,nephrotoxic activities,nephrotoxic activities,nephrotoxicity
DB00681,DB00798,Amphotericin B,Gentamicin,nephrotoxic activities,nephrotoxic activities,nephrotoxicity
DB00681,DB01082,Amphotericin B,Streptomycin,nephrotoxic activities,nephrotoxic activities,nephrotoxicity
DB00681,DB00955,Amphotericin B,Netilmicin,nephrotoxic activities,nephrotoxic activities,nephrotoxicity
DB00681,DB01172,Amphotericin B,Kanamycin,nephrotoxic activities,nephrotoxic activities,nephrotoxicity
DB00681,DB01421,Amphotericin B,Paromomycin,nephrotoxic activities,nephrotoxic activities,nephrotoxicity
DB00681,DB03615,Amphotericin B,Ribostamycin,nephrotoxic activities,nephrotoxic activities,nephrotoxicity
DB00681,DB06696,Amphotericin B,Arbekacin,nephrotoxic activities,nephrotoxic activities,nephrotoxicity
DB00681,DB12615,Amphotericin B,Plazomicin,nephrotoxic activities,nephrotoxic activities,nephrotoxicity
DB00684,DB00742,Tobramycin,Mannitol,nephrotoxic activities,nephrotoxic activities,nephrotoxicity
DB00684,DB01111,Tobramycin,Colistimethate,nephrotoxic activities,nephrotoxic activities,nephrotoxicity
DB00684,DB00447,Tobramycin,Loracarbef,nephrotoxic activities,nephrotoxic activities,nephrotoxicity
DB00684,DB00833,Tobramycin,Cefaclor,nephrotoxic activities,nephrotoxic activities,nephrotoxicity
DB00684,DB00923,Tobramycin,Ceforanide,nephrotoxic activities,nephrotoxic activities,nephrotoxicity
DB00684,DB01150,Tobramycin,Cefprozil,nephrotoxic activities,nephrotoxic activities,nephrotoxicity
DB00684,DB01326,Tobramycin,Cefamandole,nephrotoxic activities,nephrotoxic activities,nephrotoxicity
DB00684,DB01328,Tobramycin,Cefonicid,nephrotoxic activities,nephrotoxic activities,nephrotoxicity
DB00684,DB01330,Tobramycin,Cefotetan,nephrotoxic activities,nephrotoxic activities,nephrotoxicity
DB00684,DB01331,Tobramycin,Cefoxitin,nephrotoxic activities,nephrotoxic activities,nephrotoxicity
DB00684,DB09062,Tobramycin,Cefminox,nephrotoxic activities,nephrotoxic activities,nephrotoxicity
DB00684,DB01112,Tobramycin,Cefuroxime,nephrotoxic activities,nephrotoxic activities,nephrotoxicity
DB00684,DB01066,Tobramycin,Cefditoren,nephrotoxic activities,nephrotoxic activities,nephrotoxicity
DB00684,DB01212,Tobramycin,Ceftriaxone,nephrotoxic activities,nephrotoxic activities,nephrotoxicity
DB00684,DB01329,Tobramycin,Cefoperazone,nephrotoxic activities,nephrotoxic activities,nephrotoxicity
DB00684,DB01332,Tobramycin,Ceftizoxime,nephrotoxic activities,nephrotoxic activities,nephrotoxicity
DB00684,DB01415,Tobramycin,Ceftibuten,nephrotoxic activities,nephrotoxic activities,nephrotoxicity
DB00684,DB01416,Tobramycin,Cefpodoxime,nephrotoxic activities,nephrotoxic activities,nephrotoxicity
DB00684,DB04570,Tobramycin,Latamoxef,nephrotoxic activities,nephrotoxic activities,nephrotoxicity
DB00684,DB01413,Tobramycin,Cefepime,nephrotoxic activities,nephrotoxic activities,nephrotoxicity
DB00684,DB13682,Tobramycin,Cefpirome,nephrotoxic activities,nephrotoxic activities,nephrotoxicity
DB00684,DB00958,Tobramycin,Carboplatin,ototoxic activities,ototoxic activities,ototoxicity
DB00685,DB01078,Trovafloxacin,Deslanoside,cardiotoxic activities,cardiotoxic activities,cardiotoxicity
DB00685,DB01092,Trovafloxacin,Ouabain,cardiotoxic activities,cardiotoxic activities,cardiotoxicity
DB00685,DB01396,Trovafloxacin,Digitoxin,cardiotoxic activities,cardiotoxic activities,cardiotoxicity
DB00688,DB09449,Mycophenolate mofetil,Sodium phosphate,nephrotoxic activities,nephrotoxic activities,nephrotoxicity
DB00688,DB01078,Mycophenolate mofetil,Deslanoside,cardiotoxic activities,cardiotoxic activities,cardiotoxicity
DB00688,DB01092,Mycophenolate mofetil,Ouabain,cardiotoxic activities,cardiotoxic activities,cardiotoxicity
DB00688,DB01396,Mycophenolate mofetil,Digitoxin,cardiotoxic activities,cardiotoxic activities,cardiotoxicity
DB00688,DB01250,Mycophenolate mofetil,Olsalazine,nephrotoxic activities,nephrotoxic activities,nephrotoxicity
DB00691,DB09449,Moexipril,Sodium phosphate,nephrotoxic activities,nephrotoxic activities,nephrotoxicity
DB00691,DB08907,Moexipril,Canagliflozin,risk or severity of renal failure and hyperkalemia,risk or severity of renal failure,nephrotoxicity
DB00694,DB01078,Daunorubicin,Deslanoside,cardiotoxic activities,cardiotoxic activities,cardiotoxicity
DB00694,DB01092,Daunorubicin,Ouabain,cardiotoxic activities,cardiotoxic activities,cardiotoxicity
DB00694,DB01396,Daunorubicin,Digitoxin,cardiotoxic activities,cardiotoxic activities,cardiotoxicity
DB00695,DB00903,Furosemide,Etacrynic acid,ototoxic activities,ototoxic activities,ototoxicity
DB00695,DB09449,Furosemide,Sodium phosphate,nephrotoxic activities,nephrotoxic activities,nephrotoxicity
DB00700,DB09449,Eplerenone,Sodium phosphate,nephrotoxic activities,nephrotoxic activities,nephrotoxicity
DB00703,DB09449,Methazolamide,Sodium phosphate,nephrotoxic activities,nephrotoxic activities,nephrotoxicity
DB00709,DB00811,Lamivudine,Ribavirin,hepatotoxic activities,hepatotoxic activities,hepatotoxicity
DB00712,DB09449,Flurbiprofen,Sodium phosphate,nephrotoxic activities,nephrotoxic activities,nephrotoxicity
DB00712,DB00864,Flurbiprofen,Tacrolimus,nephrotoxic activities,nephrotoxic activities,nephrotoxicity
DB00722,DB09449,Lisinopril,Sodium phosphate,nephrotoxic activities,nephrotoxic activities,nephrotoxicity
DB00722,DB08907,Lisinopril,Canagliflozin,risk or severity of renal failure and hyperkalemia,risk or severity of renal failure,nephrotoxicity
DB00724,DB01078,Imiquimod,Deslanoside,cardiotoxic activities,cardiotoxic activities,cardiotoxicity
DB00724,DB01092,Imiquimod,Ouabain,cardiotoxic activities,cardiotoxic activities,cardiotoxicity
DB00724,DB01396,Imiquimod,Digitoxin,cardiotoxic activities,cardiotoxic activities,cardiotoxicity
DB00735,DB09449,Naftifine,Sodium phosphate,nephrotoxic activities,nephrotoxic activities,nephrotoxicity
DB00735,DB01250,Naftifine,Olsalazine,nephrotoxic activities,nephrotoxic activities,nephrotoxicity
DB00742,DB12615,Mannitol,Plazomicin,nephrotoxic activities,nephrotoxic activities,nephrotoxicity
DB00742,DB00798,Mannitol,Gentamicin,nephrotoxic activities,nephrotoxic activities,nephrotoxicity
DB00742,DB01082,Mannitol,Streptomycin,nephrotoxic activities,nephrotoxic activities,nephrotoxicity
DB00742,DB00955,Mannitol,Netilmicin,nephrotoxic activities,nephrotoxic activities,nephrotoxicity
DB00742,DB01172,Mannitol,Kanamycin,nephrotoxic activities,nephrotoxic activities,nephrotoxicity
DB00742,DB01421,Mannitol,Paromomycin,nephrotoxic activities,nephrotoxic activities,nephrotoxicity
DB00742,DB03615,Mannitol,Ribostamycin,nephrotoxic activities,nephrotoxic activities,nephrotoxicity
DB00742,DB06696,Mannitol,Arbekacin,nephrotoxic activities,nephrotoxic activities,nephrotoxicity
DB00742,DB09449,Mannitol,Sodium phosphate,nephrotoxic activities,nephrotoxic activities,nephrotoxicity
DB00744,DB09449,Zileuton,Sodium phosphate,nephrotoxic activities,nephrotoxic activities,nephrotoxicity
DB00744,DB01250,Zileuton,Olsalazine,nephrotoxic activities,nephrotoxic activities,nephrotoxicity
DB00744,DB00864,Zileuton,Tacrolimus,nephrotoxic activities,nephrotoxic activities,nephrotoxicity
DB00749,DB09449,Etodolac,Sodium phosphate,nephrotoxic activities,nephrotoxic activities,nephrotoxicity
DB00749,DB00864,Etodolac,Tacrolimus,nephrotoxic activities,nephrotoxic activities,nephrotoxicity
DB00755,DB01078,Tretinoin,Deslanoside,cardiotoxic activities,cardiotoxic activities,cardiotoxicity
DB00755,DB01092,Tretinoin,Ouabain,cardiotoxic activities,cardiotoxic activities,cardiotoxicity
DB00755,DB01396,Tretinoin,Digitoxin,cardiotoxic activities,cardiotoxic activities,cardiotoxicity
DB00759,DB05528,Tetracycline,Mipomersen,hepatotoxic activities,hepatotoxic activities,hepatotoxicity
DB00762,DB01078,Irinotecan,Deslanoside,cardiotoxic activities,cardiotoxic activities,cardiotoxicity
DB00762,DB01092,Irinotecan,Ouabain,cardiotoxic activities,cardiotoxic activities,cardiotoxicity
DB00762,DB01396,Irinotecan,Digitoxin,cardiotoxic activities,cardiotoxic activities,cardiotoxicity
DB00768,DB09449,Olopatadine,Sodium phosphate,nephrotoxic activities,nephrotoxic activities,nephrotoxicity
DB00768,DB01250,Olopatadine,Olsalazine,nephrotoxic activities,nephrotoxic activities,nephrotoxicity
DB00768,DB00864,Olopatadine,Tacrolimus,nephrotoxic activities,nephrotoxic activities,nephrotoxicity
DB00773,DB01078,Etoposide,Deslanoside,cardiotoxic activities,cardiotoxic activities,cardiotoxicity
DB00773,DB01092,Etoposide,Ouabain,cardiotoxic activities,cardiotoxic activities,cardiotoxicity
DB00773,DB01396,Etoposide,Digitoxin,cardiotoxic activities,cardiotoxic activities,cardiotoxicity
DB00774,DB09449,Hydroflumethiazide,Sodium phosphate,nephrotoxic activities,nephrotoxic activities,nephrotoxicity
DB00779,DB01078,Nalidixic Acid,Deslanoside,cardiotoxic activities,cardiotoxic activities,cardiotoxicity
DB00779,DB01092,Nalidixic Acid,Ouabain,cardiotoxic activities,cardiotoxic activities,cardiotoxicity
DB00779,DB01396,Nalidixic Acid,Digitoxin,cardiotoxic activities,cardiotoxic activities,cardiotoxicity
DB00784,DB09449,Mefenamic acid,Sodium phosphate,nephrotoxic activities,nephrotoxic activities,nephrotoxicity
DB00784,DB00864,Mefenamic acid,Tacrolimus,nephrotoxic activities,nephrotoxic activities,nephrotoxicity
DB00788,DB09449,Naproxen,Sodium phosphate,nephrotoxic activities,nephrotoxic activities,nephrotoxicity
DB00788,DB00864,Naproxen,Tacrolimus,nephrotoxic activities,nephrotoxic activities,nephrotoxicity
DB00790,DB09449,Perindopril,Sodium phosphate,nephrotoxic activities,nephrotoxic activities,nephrotoxicity
DB00790,DB08907,Perindopril,Canagliflozin,risk or severity of renal failure and hyperkalemia,risk or severity of renal failure,nephrotoxicity
DB00791,DB01078,Uracil mustard,Deslanoside,cardiotoxic activities,cardiotoxic activities,cardiotoxicity
DB00791,DB01092,Uracil mustard,Ouabain,cardiotoxic activities,cardiotoxic activities,cardiotoxicity
DB00791,DB01396,Uracil mustard,Digitoxin,cardiotoxic activities,cardiotoxic activities,cardiotoxicity
DB00794,DB01284,Primidone,Tetracosactide,hepatotoxic activities,hepatotoxic activities,hepatotoxicity
DB00795,DB09449,Sulfasalazine,Sodium phosphate,nephrotoxic activities,nephrotoxic activities,nephrotoxicity
DB00795,DB00864,Sulfasalazine,Tacrolimus,nephrotoxic activities,nephrotoxic activities,nephrotoxicity
DB00796,DB09449,Candesartan cilexetil,Sodium phosphate,nephrotoxic activities,nephrotoxic activities,nephrotoxicity
DB00798,DB01111,Gentamicin,Colistimethate,nephrotoxic activities,nephrotoxic activities,nephrotoxicity
DB00798,DB00447,Gentamicin,Loracarbef,nephrotoxic activities,nephrotoxic activities,nephrotoxicity
DB00798,DB00833,Gentamicin,Cefaclor,nephrotoxic activities,nephrotoxic activities,nephrotoxicity
DB00798,DB00923,Gentamicin,Ceforanide,nephrotoxic activities,nephrotoxic activities,nephrotoxicity
DB00798,DB01150,Gentamicin,Cefprozil,nephrotoxic activities,nephrotoxic activities,nephrotoxicity
DB00798,DB01326,Gentamicin,Cefamandole,nephrotoxic activities,nephrotoxic activities,nephrotoxicity
DB00798,DB01328,Gentamicin,Cefonicid,nephrotoxic activities,nephrotoxic activities,nephrotoxicity
DB00798,DB01330,Gentamicin,Cefotetan,nephrotoxic activities,nephrotoxic activities,nephrotoxicity
DB00798,DB01331,Gentamicin,Cefoxitin,nephrotoxic activities,nephrotoxic activities,nephrotoxicity
DB00798,DB09062,Gentamicin,Cefminox,nephrotoxic activities,nephrotoxic activities,nephrotoxicity
DB00798,DB01112,Gentamicin,Cefuroxime,nephrotoxic activities,nephrotoxic activities,nephrotoxicity
DB00798,DB01066,Gentamicin,Cefditoren,nephrotoxic activities,nephrotoxic activities,nephrotoxicity
DB00798,DB01212,Gentamicin,Ceftriaxone,nephrotoxic activities,nephrotoxic activities,nephrotoxicity
DB00798,DB01329,Gentamicin,Cefoperazone,nephrotoxic activities,nephrotoxic activities,nephrotoxicity
DB00798,DB01332,Gentamicin,Ceftizoxime,nephrotoxic activities,nephrotoxic activities,nephrotoxicity
DB00798,DB01415,Gentamicin,Ceftibuten,nephrotoxic activities,nephrotoxic activities,nephrotoxicity
DB00798,DB01416,Gentamicin,Cefpodoxime,nephrotoxic activities,nephrotoxic activities,nephrotoxicity
DB00798,DB04570,Gentamicin,Latamoxef,nephrotoxic activities,nephrotoxic activities,nephrotoxicity
DB00798,DB01413,Gentamicin,Cefepime,nephrotoxic activities,nephrotoxic activities,nephrotoxicity
DB00798,DB13682,Gentamicin,Cefpirome,nephrotoxic activities,nephrotoxic activities,nephrotoxicity
DB00798,DB00958,Gentamicin,Carboplatin,ototoxic activities,ototoxic activities,ototoxicity
DB00808,DB09449,Indapamide,Sodium phosphate,nephrotoxic activities,nephrotoxic activities,nephrotoxicity
DB00811,DB00943,Ribavirin,Zalcitabine,hepatotoxic activities,hepatotoxic activities,hepatotoxicity
DB00811,DB01048,Ribavirin,Abacavir,hepatotoxic activities,hepatotoxic activities,hepatotoxicity
DB00811,DB00879,Ribavirin,Emtricitabine,hepatotoxic activities,hepatotoxic activities,hepatotoxicity
DB00812,DB09449,Phenylbutazone,Sodium phosphate,nephrotoxic activities,nephrotoxic activities,nephrotoxicity
DB00812,DB00864,Phenylbutazone,Tacrolimus,nephrotoxic activities,nephrotoxic activities,nephrotoxicity
DB00814,DB09449,Meloxicam,Sodium phosphate,nephrotoxic activities,nephrotoxic activities,nephrotoxicity
DB00814,DB00864,Meloxicam,Tacrolimus,nephrotoxic activities,nephrotoxic activities,nephrotoxicity
DB00819,DB09449,Acetazolamide,Sodium phosphate,nephrotoxic activities,nephrotoxic activities,nephrotoxicity
DB00821,DB09449,Carprofen,Sodium phosphate,nephrotoxic activities,nephrotoxic activities,nephrotoxicity
DB00821,DB00864,Carprofen,Tacrolimus,nephrotoxic activities,nephrotoxic activities,nephrotoxicity
DB00827,DB01078,Cinoxacin,Deslanoside,cardiotoxic activities,cardiotoxic activities,cardiotoxicity
DB00827,DB01092,Cinoxacin,Ouabain,cardiotoxic activities,cardiotoxic activities,cardiotoxicity
DB00827,DB01396,Cinoxacin,Digitoxin,cardiotoxic activities,cardiotoxic activities,cardiotoxicity
DB00829,DB01284,Diazepam,Tetracosactide,hepatotoxic activities,hepatotoxic activities,hepatotoxicity
DB00833,DB01082,Cefaclor,Streptomycin,nephrotoxic activities,nephrotoxic activities,nephrotoxicity
DB00833,DB00955,Cefaclor,Netilmicin,nephrotoxic activities,nephrotoxic activities,nephrotoxicity
DB00833,DB01172,Cefaclor,Kanamycin,nephrotoxic activities,nephrotoxic activities,nephrotoxicity
DB00833,DB01421,Cefaclor,Paromomycin,nephrotoxic activities,nephrotoxic activities,nephrotoxicity
DB00833,DB03615,Cefaclor,Ribostamycin,nephrotoxic activities,nephrotoxic activities,nephrotoxicity
DB00833,DB06696,Cefaclor,Arbekacin,nephrotoxic activities,nephrotoxic activities,nephrotoxicity
DB00833,DB12615,Cefaclor,Plazomicin,nephrotoxic activities,nephrotoxic activities,nephrotoxicity
DB00851,DB01078,Dacarbazine,Deslanoside,cardiotoxic activities,cardiotoxic activities,cardiotoxicity
DB00851,DB01092,Dacarbazine,Ouabain,cardiotoxic activities,cardiotoxic activities,cardiotoxicity
DB00851,DB01396,Dacarbazine,Digitoxin,cardiotoxic activities,cardiotoxic activities,cardiotoxicity
DB00853,DB01078,Temozolomide,Deslanoside,cardiotoxic activities,cardiotoxic activities,cardiotoxicity
DB00853,DB01092,Temozolomide,Ouabain,cardiotoxic activities,cardiotoxic activities,cardiotoxicity
DB00853,DB01396,Temozolomide,Digitoxin,cardiotoxic activities,cardiotoxic activities,cardiotoxicity
DB00855,DB01078,Aminolevulinic acid,Deslanoside,cardiotoxic activities,cardiotoxic activities,cardiotoxicity
DB00855,DB01092,Aminolevulinic acid,Ouabain,cardiotoxic activities,cardiotoxic activities,cardiotoxicity
DB00855,DB01396,Aminolevulinic acid,Digitoxin,cardiotoxic activities,cardiotoxic activities,cardiotoxicity
DB00860,DB01078,Prednisolone,Deslanoside,cardiotoxic activities,cardiotoxic activities,cardiotoxicity
DB00860,DB01092,Prednisolone,Ouabain,cardiotoxic activities,cardiotoxic activities,cardiotoxicity
DB00860,DB01396,Prednisolone,Digitoxin,cardiotoxic activities,cardiotoxic activities,cardiotoxicity
DB00861,DB09449,Diflunisal,Sodium phosphate,nephrotoxic activities,nephrotoxic activities,nephrotoxicity
DB00861,DB00864,Diflunisal,Tacrolimus,nephrotoxic activities,nephrotoxic activities,nephrotoxicity
DB00864,DB01039,Tacrolimus,Fenofibrate,nephrotoxic activities,nephrotoxic activities,nephrotoxicity
DB00864,DB00963,Tacrolimus,Bromfenac,nephrotoxic activities,nephrotoxic activities,nephrotoxicity
DB00864,DB06802,Tacrolimus,Nepafenac,nephrotoxic activities,nephrotoxic activities,nephrotoxicity
DB00864,DB00870,Tacrolimus,Suprofen,nephrotoxic activities,nephrotoxic activities,nephrotoxicity
DB00864,DB00939,Tacrolimus,Meclofenamic acid,nephrotoxic activities,nephrotoxic activities,nephrotoxicity
DB00864,DB00945,Tacrolimus,Acetylsalicylic acid,nephrotoxic activities,nephrotoxic activities,nephrotoxicity
DB00864,DB00972,Tacrolimus,Azelastine,nephrotoxic activities,nephrotoxic activities,nephrotoxicity
DB00864,DB00991,Tacrolimus,Oxaprozin,nephrotoxic activities,nephrotoxic activities,nephrotoxicity
DB00864,DB01009,Tacrolimus,Ketoprofen,nephrotoxic activities,nephrotoxic activities,nephrotoxicity
DB00864,DB01014,Tacrolimus,Balsalazide,nephrotoxic activities,nephrotoxic activities,nephrotoxicity
DB00864,DB01050,Tacrolimus,Ibuprofen,nephrotoxic activities,nephrotoxic activities,nephrotoxicity
DB00864,DB01250,Tacrolimus,Olsalazine,nephrotoxic activities,nephrotoxic activities,nephrotoxicity
DB00864,DB01283,Tacrolimus,Lumiracoxib,nephrotoxic activities,nephrotoxic activities,nephrotoxicity
DB00864,DB01397,Tacrolimus,Magnesium salicylate,nephrotoxic activities,nephrotoxic activities,nephrotoxicity
DB00864,DB01399,Tacrolimus,Salsalate,nephrotoxic activities,nephrotoxic activities,nephrotoxicity
DB00864,DB01401,Tacrolimus,Choline magnesium trisalicylate,nephrotoxic activities,nephrotoxic activities,nephrotoxicity
DB00864,DB01435,Tacrolimus,Antipyrine,nephrotoxic activities,nephrotoxic activities,nephrotoxicity
DB00864,DB01600,Tacrolimus,Tiaprofenic acid,nephrotoxic activities,nephrotoxic activities,nephrotoxicity
DB00864,DB01628,Tacrolimus,Etoricoxib,nephrotoxic activities,nephrotoxic activities,nephrotoxicity
DB00864,DB02709,Tacrolimus,Resveratrol,nephrotoxic activities,nephrotoxic activities,nephrotoxicity
DB00864,DB03585,Tacrolimus,Oxyphenbutazone,nephrotoxic activities,nephrotoxic activities,nephrotoxicity
DB00864,DB04552,Tacrolimus,Niflumic Acid,nephrotoxic activities,nephrotoxic activities,nephrotoxicity
DB00864,DB04743,Tacrolimus,Nimesulide,nephrotoxic activities,nephrotoxic activities,nephrotoxicity
DB00864,DB06725,Tacrolimus,Lornoxicam,nephrotoxic activities,nephrotoxic activities,nephrotoxicity
DB00864,DB06736,Tacrolimus,Aceclofenac,nephrotoxic activities,nephrotoxic activities,nephrotoxicity
DB00864,DB06737,Tacrolimus,Zaltoprofen,nephrotoxic activities,nephrotoxic activities,nephrotoxicity
DB00864,DB06739,Tacrolimus,Seratrodast,nephrotoxic activities,nephrotoxic activities,nephrotoxicity
DB00864,DB07615,Tacrolimus,Tranilast,nephrotoxic activities,nephrotoxic activities,nephrotoxicity
DB00864,DB08439,Tacrolimus,Parecoxib,nephrotoxic activities,nephrotoxic activities,nephrotoxicity
DB00864,DB08797,Tacrolimus,Salicylamide,nephrotoxic activities,nephrotoxic activities,nephrotoxicity
DB00864,DB08976,Tacrolimus,Floctafenine,nephrotoxic activities,nephrotoxic activities,nephrotoxicity
DB00864,DB08981,Tacrolimus,Fenbufen,nephrotoxic activities,nephrotoxic activities,nephrotoxicity
DB00864,DB08984,Tacrolimus,Etofenamate,nephrotoxic activities,nephrotoxic activities,nephrotoxicity
DB00864,DB08991,Tacrolimus,Epirizole,nephrotoxic activities,nephrotoxic activities,nephrotoxicity
DB00864,DB09212,Tacrolimus,Loxoprofen,nephrotoxic activities,nephrotoxic activities,nephrotoxicity
DB00864,DB09216,Tacrolimus,Tolfenamic Acid,nephrotoxic activities,nephrotoxic activities,nephrotoxicity
DB00864,DB09218,Tacrolimus,Clonixin,nephrotoxic activities,nephrotoxic activities,nephrotoxicity
DB00864,DB09288,Tacrolimus,Propacetamol,nephrotoxic activities,nephrotoxic activities,nephrotoxicity
DB00864,DB11672,Tacrolimus,Curcumin,nephrotoxic activities,nephrotoxic activities,nephrotoxicity
DB00864,DB13063,Tacrolimus,Parthenolide,nephrotoxic activities,nephrotoxic activities,nephrotoxicity
DB00864,DB13167,Tacrolimus,Alclofenac,nephrotoxic activities,nephrotoxic activities,nephrotoxicity
DB00864,DB13346,Tacrolimus,Bufexamac,nephrotoxic activities,nephrotoxic activities,nephrotoxicity
DB00864,DB13783,Tacrolimus,Acemetacin,nephrotoxic activities,nephrotoxic activities,nephrotoxicity
DB00864,DB09084,Tacrolimus,Benzydamine,nephrotoxic activities,nephrotoxic activities,nephrotoxicity
DB00870,DB09449,Suprofen,Sodium phosphate,nephrotoxic activities,nephrotoxic activities,nephrotoxicity
DB00872,DB09449,Conivaptan,Sodium phosphate,nephrotoxic activities,nephrotoxic activities,nephrotoxicity
DB00876,DB09449,Eprosartan,Sodium phosphate,nephrotoxic activities,nephrotoxic activities,nephrotoxicity
DB00877,DB01078,Sirolimus,Deslanoside,cardiotoxic activities,cardiotoxic activities,cardiotoxicity
DB00877,DB01092,Sirolimus,Ouabain,cardiotoxic activities,cardiotoxic activities,cardiotoxicity
DB00877,DB01396,Sirolimus,Digitoxin,cardiotoxic activities,cardiotoxic activities,cardiotoxicity
DB00880,DB09449,Chlorothiazide,Sodium phosphate,nephrotoxic activities,nephrotoxic activities,nephrotoxicity
DB00881,DB09449,Quinapril,Sodium phosphate,nephrotoxic activities,nephrotoxic activities,nephrotoxicity
DB00881,DB08907,Quinapril,Canagliflozin,risk or severity of renal failure and hyperkalemia,risk or severity of renal failure,nephrotoxicity
DB00887,DB09449,Bumetanide,Sodium phosphate,nephrotoxic activities,nephrotoxic activities,nephrotoxicity
DB00888,DB01078,Mechlorethamine,Deslanoside,cardiotoxic activities,cardiotoxic activities,cardiotoxicity
DB00888,DB01092,Mechlorethamine,Ouabain,cardiotoxic activities,cardiotoxic activities,cardiotoxicity
DB00888,DB01396,Mechlorethamine,Digitoxin,cardiotoxic activities,cardiotoxic activities,cardiotoxicity
DB00894,DB01078,Testolactone,Deslanoside,cardiotoxic activities,cardiotoxic activities,cardiotoxicity
DB00894,DB01092,Testolactone,Ouabain,cardiotoxic activities,cardiotoxic activities,cardiotoxicity
DB00894,DB01396,Testolactone,Digitoxin,cardiotoxic activities,cardiotoxic activities,cardiotoxicity
DB00898,DB05109,Ethanol,Trabectedin,hepatotoxic activities,hepatotoxic activities,hepatotoxicity
DB00898,DB08903,Ethanol,Bedaquiline,hepatotoxic activities,hepatotoxic activities,hepatotoxicity
DB00898,DB05528,Ethanol,Mipomersen,hepatotoxic activities,hepatotoxic activities,hepatotoxicity
DB00898,DB08827,Ethanol,Lomitapide,hepatotoxic activities,hepatotoxic activities,hepatotoxicity
DB00903,DB09449,Etacrynic acid,Sodium phosphate,nephrotoxic activities,nephrotoxic activities,nephrotoxicity
DB00908,DB01174,Quinidine,Phenobarbital,hepatotoxic activities,hepatotoxic activities,hepatotoxicity
DB00923,DB01082,Ceforanide,Streptomycin,nephrotoxic activities,nephrotoxic activities,nephrotoxicity
DB00923,DB00955,Ceforanide,Netilmicin,nephrotoxic activities,nephrotoxic activities,nephrotoxicity
DB00923,DB01172,Ceforanide,Kanamycin,nephrotoxic activities,nephrotoxic activities,nephrotoxicity
DB00923,DB01421,Ceforanide,Paromomycin,nephrotoxic activities,nephrotoxic activities,nephrotoxicity
DB00923,DB03615,Ceforanide,Ribostamycin,nephrotoxic activities,nephrotoxic activities,nephrotoxicity
DB00923,DB06696,Ceforanide,Arbekacin,nephrotoxic activities,nephrotoxic activities,nephrotoxicity
DB00923,DB12615,Ceforanide,Plazomicin,nephrotoxic activities,nephrotoxic activities,nephrotoxicity
DB00928,DB01078,Azacitidine,Deslanoside,cardiotoxic activities,cardiotoxic activities,cardiotoxicity
DB00928,DB01092,Azacitidine,Ouabain,cardiotoxic activities,cardiotoxic activities,cardiotoxicity
DB00928,DB01396,Azacitidine,Digitoxin,cardiotoxic activities,cardiotoxic activities,cardiotoxicity
DB00936,DB09449,Salicylic acid,Sodium phosphate,nephrotoxic activities,nephrotoxic activities,nephrotoxicity
DB00939,DB09449,Meclofenamic acid,Sodium phosphate,nephrotoxic activities,nephrotoxic activities,nephrotoxicity
DB00945,DB09449,Acetylsalicylic acid,Sodium phosphate,nephrotoxic activities,nephrotoxic activities,nephrotoxicity
DB00947,DB01078,Fulvestrant,Deslanoside,cardiotoxic activities,cardiotoxic activities,cardiotoxicity
DB00947,DB01092,Fulvestrant,Ouabain,cardiotoxic activities,cardiotoxic activities,cardiotoxicity
DB00947,DB01396,Fulvestrant,Digitoxin,cardiotoxic activities,cardiotoxic activities,cardiotoxicity
DB00951,DB01045,Isoniazid,Rifampicin,hepatotoxic activities,hepatotoxic activities,hepatotoxicity
DB00951,DB01201,Isoniazid,Rifapentine,hepatotoxic activities,hepatotoxic activities,hepatotoxicity
DB00951,DB01220,Isoniazid,Rifaximin,hepatotoxic activities,hepatotoxic activities,hepatotoxicity
DB00951,DB09288,Isoniazid,Propacetamol,hepatotoxic activities,hepatotoxic activities,hepatotoxicity
DB00955,DB01111,Netilmicin,Colistimethate,nephrotoxic activities,nephrotoxic activities,nephrotoxicity
DB00955,DB00447,Netilmicin,Loracarbef,nephrotoxic activities,nephrotoxic activities,nephrotoxicity
DB00955,DB01150,Netilmicin,Cefprozil,nephrotoxic activities,nephrotoxic activities,nephrotoxicity
DB00955,DB01326,Netilmicin,Cefamandole,nephrotoxic activities,nephrotoxic activities,nephrotoxicity
DB00955,DB01328,Netilmicin,Cefonicid,nephrotoxic activities,nephrotoxic activities,nephrotoxicity
DB00955,DB01330,Netilmicin,Cefotetan,nephrotoxic activities,nephrotoxic activities,nephrotoxicity
DB00955,DB01331,Netilmicin,Cefoxitin,nephrotoxic activities,nephrotoxic activities,nephrotoxicity
DB00955,DB09062,Netilmicin,Cefminox,nephrotoxic activities,nephrotoxic activities,nephrotoxicity
DB00955,DB01112,Netilmicin,Cefuroxime,nephrotoxic activities,nephrotoxic activities,nephrotoxicity
DB00955,DB01066,Netilmicin,Cefditoren,nephrotoxic activities,nephrotoxic activities,nephrotoxicity
DB00955,DB01212,Netilmicin,Ceftriaxone,nephrotoxic activities,nephrotoxic activities,nephrotoxicity
DB00955,DB01329,Netilmicin,Cefoperazone,nephrotoxic activities,nephrotoxic activities,nephrotoxicity
DB00955,DB01332,Netilmicin,Ceftizoxime,nephrotoxic activities,nephrotoxic activities,nephrotoxicity
DB00955,DB01415,Netilmicin,Ceftibuten,nephrotoxic activities,nephrotoxic activities,nephrotoxicity
DB00955,DB01416,Netilmicin,Cefpodoxime,nephrotoxic activities,nephrotoxic activities,nephrotoxicity
DB00955,DB04570,Netilmicin,Latamoxef,nephrotoxic activities,nephrotoxic activities,nephrotoxicity
DB00955,DB01413,Netilmicin,Cefepime,nephrotoxic activities,nephrotoxic activities,nephrotoxicity
DB00955,DB13682,Netilmicin,Cefpirome,nephrotoxic activities,nephrotoxic activities,nephrotoxicity
DB00955,DB00958,Netilmicin,Carboplatin,ototoxic activities,ototoxic activities,ototoxicity
DB00958,DB01078,Carboplatin,Deslanoside,cardiotoxic activities,cardiotoxic activities,cardiotoxicity
DB00958,DB01092,Carboplatin,Ouabain,cardiotoxic activities,cardiotoxic activities,cardiotoxicity
DB00958,DB01396,Carboplatin,Digitoxin,cardiotoxic activities,cardiotoxic activities,cardiotoxicity
DB00958,DB01082,Carboplatin,Streptomycin,ototoxic activities,ototoxic activities,ototoxicity
DB00958,DB01172,Carboplatin,Kanamycin,ototoxic activities,ototoxic activities,ototoxicity
DB00958,DB01421,Carboplatin,Paromomycin,ototoxic activities,ototoxic activities,ototoxicity
DB00958,DB03615,Carboplatin,Ribostamycin,ototoxic activities,ototoxic activities,ototoxicity
DB00958,DB06696,Carboplatin,Arbekacin,ototoxic activities,ototoxic activities,ototoxicity
DB00958,DB12615,Carboplatin,Plazomicin,ototoxic activities,ototoxic activities,ototoxicity
DB00959,DB01078,Methylprednisolone,Deslanoside,cardiotoxic activities,cardiotoxic activities,cardiotoxicity
DB00959,DB01092,Methylprednisolone,Ouabain,cardiotoxic activities,cardiotoxic activities,cardiotoxicity
DB00959,DB01396,Methylprednisolone,Digitoxin,cardiotoxic activities,cardiotoxic activities,cardiotoxicity
DB00963,DB09449,Bromfenac,Sodium phosphate,nephrotoxic activities,nephrotoxic activities,nephrotoxicity
DB00966,DB09449,Telmisartan,Sodium phosphate,nephrotoxic activities,nephrotoxic activities,nephrotoxicity
DB00970,DB01078,Dactinomycin,Deslanoside,cardiotoxic activities,cardiotoxic activities,cardiotoxicity
DB00970,DB01092,Dactinomycin,Ouabain,cardiotoxic activities,cardiotoxic activities,cardiotoxicity
DB00970,DB01396,Dactinomycin,Digitoxin,cardiotoxic activities,cardiotoxic activities,cardiotoxicity
DB00972,DB09449,Azelastine,Sodium phosphate,nephrotoxic activities,nephrotoxic activities,nephrotoxicity
DB00972,DB01250,Azelastine,Olsalazine,nephrotoxic activities,nephrotoxic activities,nephrotoxicity
DB00978,DB01078,Lomefloxacin,Deslanoside,cardiotoxic activities,cardiotoxic activities,cardiotoxicity
DB00978,DB01092,Lomefloxacin,Ouabain,cardiotoxic activities,cardiotoxic activities,cardiotoxicity
DB00978,DB01396,Lomefloxacin,Digitoxin,cardiotoxic activities,cardiotoxic activities,cardiotoxicity
DB00982,DB05528,Isotretinoin,Mipomersen,hepatotoxic activities,hepatotoxic activities,hepatotoxicity
DB00987,DB01078,Cytarabine,Deslanoside,cardiotoxic activities,cardiotoxic activities,cardiotoxicity
DB00987,DB01092,Cytarabine,Ouabain,cardiotoxic activities,cardiotoxic activities,cardiotoxicity
DB00987,DB01396,Cytarabine,Digitoxin,cardiotoxic activities,cardiotoxic activities,cardiotoxicity
DB00990,DB01078,Exemestane,Deslanoside,cardiotoxic activities,cardiotoxic activities,cardiotoxicity
DB00990,DB01092,Exemestane,Ouabain,cardiotoxic activities,cardiotoxic activities,cardiotoxicity
DB00990,DB01396,Exemestane,Digitoxin,cardiotoxic activities,cardiotoxic activities,cardiotoxicity
DB00991,DB09449,Oxaprozin,Sodium phosphate,nephrotoxic activities,nephrotoxic activities,nephrotoxicity
DB00992,DB01078,Methyl aminolevulinate,Deslanoside,cardiotoxic activities,cardiotoxic activities,cardiotoxicity
DB00992,DB01092,Methyl aminolevulinate,Ouabain,cardiotoxic activities,cardiotoxic activities,cardiotoxicity
DB00992,DB01396,Methyl aminolevulinate,Digitoxin,cardiotoxic activities,cardiotoxic activities,cardiotoxicity
DB00993,DB01078,Azathioprine,Deslanoside,cardiotoxic activities,cardiotoxic activities,cardiotoxicity
DB00993,DB01092,Azathioprine,Ouabain,cardiotoxic activities,cardiotoxic activities,cardiotoxicity
DB00993,DB01396,Azathioprine,Digitoxin,cardiotoxic activities,cardiotoxic activities,cardiotoxicity
DB00997,DB01033,Doxorubicin,Mercaptopurine,hepatotoxic activities,hepatotoxic activities,hepatotoxicity
DB00997,DB01078,Doxorubicin,Deslanoside,cardiotoxic activities,cardiotoxic activities,cardiotoxicity
DB00997,DB01092,Doxorubicin,Ouabain,cardiotoxic activities,cardiotoxic activities,cardiotoxicity
DB00997,DB01396,Doxorubicin,Digitoxin,cardiotoxic activities,cardiotoxic activities,cardiotoxicity
DB00999,DB09449,Hydrochlorothiazide,Sodium phosphate,nephrotoxic activities,nephrotoxic activities,nephrotoxicity
DB01005,DB01078,Hydroxyurea,Deslanoside,cardiotoxic activities,cardiotoxic activities,cardiotoxicity
DB01005,DB01092,Hydroxyurea,Ouabain,cardiotoxic activities,cardiotoxic activities,cardiotoxicity
DB01005,DB01396,Hydroxyurea,Digitoxin,cardiotoxic activities,cardiotoxic activities,cardiotoxicity
DB01006,DB01078,Letrozole,Deslanoside,cardiotoxic activities,cardiotoxic activities,cardiotoxicity
DB01006,DB01092,Letrozole,Ouabain,cardiotoxic activities,cardiotoxic activities,cardiotoxicity
DB01006,DB01396,Letrozole,Digitoxin,cardiotoxic activities,cardiotoxic activities,cardiotoxicity
DB01008,DB01078,Busulfan,Deslanoside,cardiotoxic activities,cardiotoxic activities,cardiotoxicity
DB01008,DB01092,Busulfan,Ouabain,cardiotoxic activities,cardiotoxic activities,cardiotoxicity
DB01008,DB01396,Busulfan,Digitoxin,cardiotoxic activities,cardiotoxic activities,cardiotoxicity
DB01009,DB09449,Ketoprofen,Sodium phosphate,nephrotoxic activities,nephrotoxic activities,nephrotoxicity
DB01014,DB09449,Balsalazide,Sodium phosphate,nephrotoxic activities,nephrotoxic activities,nephrotoxicity
DB01017,DB05528,Minocycline,Mipomersen,hepatotoxic activities,hepatotoxic activities,hepatotoxicity
DB01021,DB09449,Trichlormethiazide,Sodium phosphate,nephrotoxic activities,nephrotoxic activities,nephrotoxicity
DB01024,DB09449,Mycophenolic acid,Sodium phosphate,nephrotoxic activities,nephrotoxic activities,nephrotoxicity
DB01024,DB01078,Mycophenolic acid,Deslanoside,cardiotoxic activities,cardiotoxic activities,cardiotoxicity
DB01024,DB01092,Mycophenolic acid,Ouabain,cardiotoxic activities,cardiotoxic activities,cardiotoxicity
DB01024,DB01396,Mycophenolic acid,Digitoxin,cardiotoxic activities,cardiotoxic activities,cardiotoxicity
DB01024,DB01250,Mycophenolic acid,Olsalazine,nephrotoxic activities,nephrotoxic activities,nephrotoxicity
DB01029,DB09449,Irbesartan,Sodium phosphate,nephrotoxic activities,nephrotoxic activities,nephrotoxicity
DB01030,DB01078,Topotecan,Deslanoside,cardiotoxic activities,cardiotoxic activities,cardiotoxicity
DB01030,DB01092,Topotecan,Ouabain,cardiotoxic activities,cardiotoxic activities,cardiotoxicity
DB01030,DB01396,Topotecan,Digitoxin,cardiotoxic activities,cardiotoxic activities,cardiotoxicity
DB01033,DB01078,Mercaptopurine,Deslanoside,cardiotoxic activities,cardiotoxic activities,cardiotoxicity
DB01033,DB01092,Mercaptopurine,Ouabain,cardiotoxic activities,cardiotoxic activities,cardiotoxicity
DB01033,DB01396,Mercaptopurine,Digitoxin,cardiotoxic activities,cardiotoxic activities,cardiotoxicity
DB01041,DB01078,Thalidomide,Deslanoside,cardiotoxic activities,cardiotoxic activities,cardiotoxicity
DB01041,DB01092,Thalidomide,Ouabain,cardiotoxic activities,cardiotoxic activities,cardiotoxicity
DB01041,DB01396,Thalidomide,Digitoxin,cardiotoxic activities,cardiotoxic activities,cardiotoxicity
DB01042,DB01078,Melphalan,Deslanoside,cardiotoxic activities,cardiotoxic activities,cardiotoxicity
DB01042,DB01092,Melphalan,Ouabain,cardiotoxic activities,cardiotoxic activities,cardiotoxicity
DB01042,DB01396,Melphalan,Digitoxin,cardiotoxic activities,cardiotoxic activities,cardiotoxicity
DB01044,DB01078,Gatifloxacin,Deslanoside,cardiotoxic activities,cardiotoxic activities,cardiotoxicity
DB01044,DB01092,Gatifloxacin,Ouabain,cardiotoxic activities,cardiotoxic activities,cardiotoxicity
DB01044,DB01396,Gatifloxacin,Digitoxin,cardiotoxic activities,cardiotoxic activities,cardiotoxicity
DB01050,DB09449,Ibuprofen,Sodium phosphate,nephrotoxic activities,nephrotoxic activities,nephrotoxicity
DB01059,DB01078,Norfloxacin,Deslanoside,cardiotoxic activities,cardiotoxic activities,cardiotoxicity
DB01059,DB01092,Norfloxacin,Ouabain,cardiotoxic activities,cardiotoxic activities,cardiotoxicity
DB01059,DB01396,Norfloxacin,Digitoxin,cardiotoxic activities,cardiotoxic activities,cardiotoxicity
DB01066,DB01082,Cefditoren,Streptomycin,nephrotoxic activities,nephrotoxic activities,nephrotoxicity
DB01066,DB01172,Cefditoren,Kanamycin,nephrotoxic activities,nephrotoxic activities,nephrotoxicity
DB01066,DB01421,Cefditoren,Paromomycin,nephrotoxic activities,nephrotoxic activities,nephrotoxicity
DB01066,DB03615,Cefditoren,Ribostamycin,nephrotoxic activities,nephrotoxic activities,nephrotoxicity
DB01066,DB06696,Cefditoren,Arbekacin,nephrotoxic activities,nephrotoxic activities,nephrotoxicity
DB01066,DB12615,Cefditoren,Plazomicin,nephrotoxic activities,nephrotoxic activities,nephrotoxicity
DB01068,DB01284,Clonazepam,Tetracosactide,hepatotoxic activities,hepatotoxic activities,hepatotoxicity
DB01073,DB01078,Fludarabine,Deslanoside,cardiotoxic activities,cardiotoxic activities,cardiotoxicity
DB01073,DB01092,Fludarabine,Ouabain,cardiotoxic activities,cardiotoxic activities,cardiotoxicity
DB01073,DB01396,Fludarabine,Digitoxin,cardiotoxic activities,cardiotoxic activities,cardiotoxicity
DB01078,DB01101,Deslanoside,Capecitabine,cardiotoxic activities,cardiotoxic activities,cardiotoxicity
DB01078,DB01168,Deslanoside,Procarbazine,cardiotoxic activities,cardiotoxic activities,cardiotoxicity
DB01078,DB01169,Deslanoside,Arsenic trioxide,cardiotoxic activities,cardiotoxic activities,cardiotoxicity
DB01078,DB01177,Deslanoside,Idarubicin,cardiotoxic activities,cardiotoxic activities,cardiotoxicity
DB01078,DB01181,Deslanoside,Ifosfamide,cardiotoxic activities,cardiotoxic activities,cardiotoxicity
DB01078,DB01196,Deslanoside,Estramustine,cardiotoxic activities,cardiotoxic activities,cardiotoxicity
DB01078,DB01204,Deslanoside,Mitoxantrone,cardiotoxic activities,cardiotoxic activities,cardiotoxicity
DB01078,DB01206,Deslanoside,Lomustine,cardiotoxic activities,cardiotoxic activities,cardiotoxicity
DB01078,DB01229,Deslanoside,Paclitaxel,cardiotoxic activities,cardiotoxic activities,cardiotoxicity
DB01078,DB01248,Deslanoside,Docetaxel,cardiotoxic activities,cardiotoxic activities,cardiotoxicity
DB01078,DB01254,Deslanoside,Dasatinib,cardiotoxic activities,cardiotoxic activities,cardiotoxicity
DB01078,DB01259,Deslanoside,Lapatinib,cardiotoxic activities,cardiotoxic activities,cardiotoxicity
DB01078,DB01262,Deslanoside,Decitabine,cardiotoxic activities,cardiotoxic activities,cardiotoxicity
DB01078,DB01268,Deslanoside,Sunitinib,cardiotoxic activities,cardiotoxic activities,cardiotoxicity
DB01078,DB02546,Deslanoside,Vorinostat,cardiotoxic activities,cardiotoxic activities,cardiotoxicity
DB01078,DB04572,Deslanoside,Thiotepa,cardiotoxic activities,cardiotoxic activities,cardiotoxicity
DB01078,DB04865,Deslanoside,Omacetaxine mepesuccinate,cardiotoxic activities,cardiotoxic activities,cardiotoxicity
DB01078,DB05015,Deslanoside,Belinostat,cardiotoxic activities,cardiotoxic activities,cardiotoxicity
DB01078,DB05109,Deslanoside,Trabectedin,cardiotoxic activities,cardiotoxic activities,cardiotoxicity
DB01078,DB06176,Deslanoside,Romidepsin,cardiotoxic activities,cardiotoxic activities,cardiotoxicity
DB01078,DB06193,Deslanoside,Pixantrone,cardiotoxic activities,cardiotoxic activities,cardiotoxicity
DB01078,DB06263,Deslanoside,Amrubicin,cardiotoxic activities,cardiotoxic activities,cardiotoxicity
DB01078,DB06287,Deslanoside,Temsirolimus,cardiotoxic activities,cardiotoxic activities,cardiotoxicity
DB01078,DB06603,Deslanoside,Panobinostat,cardiotoxic activities,cardiotoxic activities,cardiotoxicity
DB01078,DB06769,Deslanoside,Bendamustine,cardiotoxic activities,cardiotoxic activities,cardiotoxicity
DB01078,DB06810,Deslanoside,Plicamycin,cardiotoxic activities,cardiotoxic activities,cardiotoxicity
DB01078,DB08901,Deslanoside,Ponatinib,cardiotoxic activities,cardiotoxic activities,cardiotoxicity
DB01078,DB08911,Deslanoside,Trametinib,cardiotoxic activities,cardiotoxic activities,cardiotoxicity
DB01078,DB08912,Deslanoside,Dabrafenib,cardiotoxic activities,cardiotoxic activities,cardiotoxicity
DB01078,DB09031,Deslanoside,Miltefosine,cardiotoxic activities,cardiotoxic activities,cardiotoxicity
DB01078,DB09054,Deslanoside,Idelalisib,cardiotoxic activities,cardiotoxic activities,cardiotoxicity
DB01078,DB09063,Deslanoside,Ceritinib,cardiotoxic activities,cardiotoxic activities,cardiotoxicity
DB01078,DB09073,Deslanoside,Palbociclib,cardiotoxic activities,cardiotoxic activities,cardiotoxicity
DB01078,DB09074,Deslanoside,Olaparib,cardiotoxic activities,cardiotoxic activities,cardiotoxicity
DB01078,DB09078,Deslanoside,Lenvatinib,cardiotoxic activities,cardiotoxic activities,cardiotoxicity
DB01078,DB09079,Deslanoside,Nintedanib,cardiotoxic activities,cardiotoxic activities,cardiotoxicity
DB01078,DB09256,Deslanoside,Tegafur,cardiotoxic activities,cardiotoxic activities,cardiotoxicity
DB01078,DB09570,Deslanoside,Ixazomib,cardiotoxic activities,cardiotoxic activities,cardiotoxicity
DB01078,DB11630,Deslanoside,Temoporfin,cardiotoxic activities,cardiotoxic activities,cardiotoxicity
DB01078,DB01128,Deslanoside,Bicalutamide,cardiotoxic activities,cardiotoxic activities,cardiotoxicity
DB01078,DB01217,Deslanoside,Anastrozole,cardiotoxic activities,cardiotoxic activities,cardiotoxicity
DB01078,DB01590,Deslanoside,Everolimus,cardiotoxic activities,cardiotoxic activities,cardiotoxicity
DB01078,DB01280,Deslanoside,Nelarabine,cardiotoxic activities,cardiotoxic activities,cardiotoxicity
DB01078,DB04868,Deslanoside,Nilotinib,cardiotoxic activities,cardiotoxic activities,cardiotoxicity
DB01078,DB05294,Deslanoside,Vandetanib,cardiotoxic activities,cardiotoxic activities,cardiotoxicity
DB01078,DB06589,Deslanoside,Pazopanib,cardiotoxic activities,cardiotoxic activities,cardiotoxicity
DB01078,DB06616,Deslanoside,Bosutinib,cardiotoxic activities,cardiotoxic activities,cardiotoxicity
DB01078,DB06626,Deslanoside,Axitinib,cardiotoxic activities,cardiotoxic activities,cardiotoxicity
DB01078,DB06772,Deslanoside,Cabazitaxel,cardiotoxic activities,cardiotoxic activities,cardiotoxicity
DB01078,DB08828,Deslanoside,Vismodegib,cardiotoxic activities,cardiotoxic activities,cardiotoxicity
DB01078,DB08865,Deslanoside,Crizotinib,cardiotoxic activities,cardiotoxic activities,cardiotoxicity
DB01078,DB08871,Deslanoside,Eribulin,cardiotoxic activities,cardiotoxic activities,cardiotoxicity
DB01078,DB08877,Deslanoside,Ruxolitinib,cardiotoxic activities,cardiotoxic activities,cardiotoxicity
DB01078,DB08881,Deslanoside,Vemurafenib,cardiotoxic activities,cardiotoxic activities,cardiotoxicity
DB01078,DB08889,Deslanoside,Carfilzomib,cardiotoxic activities,cardiotoxic activities,cardiotoxicity
DB01078,DB08896,Deslanoside,Regorafenib,cardiotoxic activities,cardiotoxic activities,cardiotoxicity
DB01078,DB08916,Deslanoside,Afatinib,cardiotoxic activities,cardiotoxic activities,cardiotoxicity
DB01078,DB09053,Deslanoside,Ibrutinib,cardiotoxic activities,cardiotoxic activities,cardiotoxicity
DB01078,DB05812,Deslanoside,Abiraterone,cardiotoxic activities,cardiotoxic activities,cardiotoxicity
DB01078,DB06595,Deslanoside,Midostaurin,cardiotoxic activities,cardiotoxic activities,cardiotoxicity
DB01078,DB06825,Deslanoside,Triptorelin,cardiotoxic activities,cardiotoxic activities,cardiotoxicity
DB01078,DB08910,Deslanoside,Pomalidomide,cardiotoxic activities,cardiotoxic activities,cardiotoxicity
DB01078,DB09330,Deslanoside,Osimertinib,cardiotoxic activities,cardiotoxic activities,cardiotoxicity
DB01078,DB01097,Deslanoside,Leflunomide,cardiotoxic activities,cardiotoxic activities,cardiotoxicity
DB01078,DB01103,Deslanoside,Quinacrine,cardiotoxic activities,cardiotoxic activities,cardiotoxicity
DB01078,DB01108,Deslanoside,Trilostane,cardiotoxic activities,cardiotoxic activities,cardiotoxicity
DB01078,DB01137,Deslanoside,Levofloxacin,cardiotoxic activities,cardiotoxic activities,cardiotoxicity
DB01078,DB01155,Deslanoside,Gemifloxacin,cardiotoxic activities,cardiotoxic activities,cardiotoxicity
DB01078,DB01157,Deslanoside,Trimetrexate,cardiotoxic activities,cardiotoxic activities,cardiotoxicity
DB01078,DB01165,Deslanoside,Ofloxacin,cardiotoxic activities,cardiotoxic activities,cardiotoxicity
DB01078,DB01179,Deslanoside,Podofilox,cardiotoxic activities,cardiotoxic activities,cardiotoxicity
DB01078,DB01208,Deslanoside,Sparfloxacin,cardiotoxic activities,cardiotoxic activities,cardiotoxicity
DB01078,DB01234,Deslanoside,Dexamethasone,cardiotoxic activities,cardiotoxic activities,cardiotoxicity
DB01078,DB01394,Deslanoside,Colchicine,cardiotoxic activities,cardiotoxic activities,cardiotoxicity
DB01078,DB02300,Deslanoside,Calcipotriol,cardiotoxic activities,cardiotoxic activities,cardiotoxicity
DB01078,DB02709,Deslanoside,Resveratrol,cardiotoxic activities,cardiotoxic activities,cardiotoxicity
DB01078,DB04576,Deslanoside,Fleroxacin,cardiotoxic activities,cardiotoxic activities,cardiotoxicity
DB01078,DB04786,Deslanoside,Suramin,cardiotoxic activities,cardiotoxic activities,cardiotoxicity
DB01078,DB04839,Deslanoside,Cyproterone acetate,cardiotoxic activities,cardiotoxic activities,cardiotoxicity
DB01078,DB04894,Deslanoside,Vapreotide,cardiotoxic activities,cardiotoxic activities,cardiotoxicity
DB01078,DB04951,Deslanoside,Pirfenidone,cardiotoxic activities,cardiotoxic activities,cardiotoxicity
DB01078,DB05260,Deslanoside,Gallium nitrate,cardiotoxic activities,cardiotoxic activities,cardiotoxicity
DB01078,DB05265,Deslanoside,Ecabet,cardiotoxic activities,cardiotoxic activities,cardiotoxicity
DB01078,DB06243,Deslanoside,Eflornithine,cardiotoxic activities,cardiotoxic activities,cardiotoxicity
DB01078,DB06272,Deslanoside,Maxacalcitol,cardiotoxic activities,cardiotoxic activities,cardiotoxicity
DB01078,DB06704,Deslanoside,Iobenguane,cardiotoxic activities,cardiotoxic activities,cardiotoxicity
DB01078,DB06710,Deslanoside,Methyltestosterone,cardiotoxic activities,cardiotoxic activities,cardiotoxicity
DB01078,DB06771,Deslanoside,Besifloxacin,cardiotoxic activities,cardiotoxic activities,cardiotoxicity
DB01078,DB06789,Deslanoside,Hydroxyprogesterone caproate,cardiotoxic activities,cardiotoxic activities,cardiotoxicity
DB01078,DB06791,Deslanoside,Lanreotide,cardiotoxic activities,cardiotoxic activities,cardiotoxicity
DB01078,DB06819,Deslanoside,Phenylbutyric acid,cardiotoxic activities,cardiotoxic activities,cardiotoxicity
DB01078,DB08905,Deslanoside,Formestane,cardiotoxic activities,cardiotoxic activities,cardiotoxicity
DB01078,DB08913,Deslanoside,Radium Ra 223 Dichloride,cardiotoxic activities,cardiotoxic activities,cardiotoxicity
DB01078,DB09070,Deslanoside,Tibolone,cardiotoxic activities,cardiotoxic activities,cardiotoxicity
DB01078,DB09094,Deslanoside,Podophyllin,cardiotoxic activities,cardiotoxic activities,cardiotoxicity
DB01078,DB09123,Deslanoside,Dienogest,cardiotoxic activities,cardiotoxic activities,cardiotoxicity
DB01078,DB09124,Deslanoside,Medrogestone,cardiotoxic activities,cardiotoxic activities,cardiotoxicity
DB01078,DB09244,Deslanoside,Pirlindole,cardiotoxic activities,cardiotoxic activities,cardiotoxicity
DB01078,DB09269,Deslanoside,Phenylacetic acid,cardiotoxic activities,cardiotoxic activities,cardiotoxicity
DB01078,DB09335,Deslanoside,Alatrofloxacin,cardiotoxic activities,cardiotoxic activities,cardiotoxicity
DB01078,DB09401,Deslanoside,Isosorbide,cardiotoxic activities,cardiotoxic activities,cardiotoxicity
DB01078,DB09516,Deslanoside,Mequinol,cardiotoxic activities,cardiotoxic activities,cardiotoxicity
DB01078,DB11231,Deslanoside,Lycopene,cardiotoxic activities,cardiotoxic activities,cardiotoxicity
DB01078,DB11672,Deslanoside,Curcumin,cardiotoxic activities,cardiotoxic activities,cardiotoxicity
DB01078,DB11793,Deslanoside,Niraparib,cardiotoxic activities,cardiotoxic activities,cardiotoxicity
DB01078,DB12332,Deslanoside,Rucaparib,cardiotoxic activities,cardiotoxic activities,cardiotoxicity
DB01078,DB12473,Deslanoside,Taurolidine,cardiotoxic activities,cardiotoxic activities,cardiotoxicity
DB01078,DB13145,Deslanoside,Nedaplatin,cardiotoxic activities,cardiotoxic activities,cardiotoxicity
DB01078,DB04845,Deslanoside,Ixabepilone,cardiotoxic activities,cardiotoxic activities,cardiotoxicity
DB01078,DB06813,Deslanoside,Pralatrexate,cardiotoxic activities,cardiotoxic activities,cardiotoxicity
DB01078,DB08875,Deslanoside,Cabozantinib,cardiotoxic activities,cardiotoxic activities,cardiotoxicity
DB01078,DB09143,Deslanoside,Sonidegib,cardiotoxic activities,cardiotoxic activities,cardiotoxicity
DB01078,DB11641,Deslanoside,Vinflunine,cardiotoxic activities,cardiotoxic activities,cardiotoxicity
DB01078,DB05239,Deslanoside,Cobimetinib,cardiotoxic activities,cardiotoxic activities,cardiotoxicity
DB01078,DB06699,Deslanoside,Degarelix,cardiotoxic activities,cardiotoxic activities,cardiotoxicity
DB01078,DB08899,Deslanoside,Enzalutamide,cardiotoxic activities,cardiotoxic activities,cardiotoxicity
DB01078,DB11363,Deslanoside,Alectinib,cardiotoxic activities,cardiotoxic activities,cardiotoxicity
DB01078,DB11581,Deslanoside,Venetoclax,cardiotoxic activities,cardiotoxic activities,cardiotoxicity
DB01078,DB11730,Deslanoside,Ribociclib,cardiotoxic activities,cardiotoxic activities,cardiotoxicity
DB01082,DB01111,Streptomycin,Colistimethate,nephrotoxic activities,nephrotoxic activities,nephrotoxicity
DB01082,DB00447,Streptomycin,Loracarbef,nephrotoxic activities,nephrotoxic activities,nephrotoxicity
DB01082,DB01150,Streptomycin,Cefprozil,nephrotoxic activities,nephrotoxic activities,nephrotoxicity
DB01082,DB01326,Streptomycin,Cefamandole,nephrotoxic activities,nephrotoxic activities,nephrotoxicity
DB01082,DB01328,Streptomycin,Cefonicid,nephrotoxic activities,nephrotoxic activities,nephrotoxicity
DB01082,DB01330,Streptomycin,Cefotetan,nephrotoxic activities,nephrotoxic activities,nephrotoxicity
DB01082,DB01331,Streptomycin,Cefoxitin,nephrotoxic activities,nephrotoxic activities,nephrotoxicity
DB01082,DB09062,Streptomycin,Cefminox,nephrotoxic activities,nephrotoxic activities,nephrotoxicity
DB01082,DB01112,Streptomycin,Cefuroxime,nephrotoxic activities,nephrotoxic activities,nephrotoxicity
DB01082,DB01212,Streptomycin,Ceftriaxone,nephrotoxic activities,nephrotoxic activities,nephrotoxicity
DB01082,DB01329,Streptomycin,Cefoperazone,nephrotoxic activities,nephrotoxic activities,nephrotoxicity
DB01082,DB01332,Streptomycin,Ceftizoxime,nephrotoxic activities,nephrotoxic activities,nephrotoxicity
DB01082,DB01415,Streptomycin,Ceftibuten,nephrotoxic activities,nephrotoxic activities,nephrotoxicity
DB01082,DB01416,Streptomycin,Cefpodoxime,nephrotoxic activities,nephrotoxic activities,nephrotoxicity
DB01082,DB04570,Streptomycin,Latamoxef,nephrotoxic activities,nephrotoxic activities,nephrotoxicity
DB01082,DB01413,Streptomycin,Cefepime,nephrotoxic activities,nephrotoxic activities,nephrotoxicity
DB01082,DB13682,Streptomycin,Cefpirome,nephrotoxic activities,nephrotoxic activities,nephrotoxicity
DB01092,DB01101,Ouabain,Capecitabine,cardiotoxic activities,cardiotoxic activities,cardiotoxicity
DB01092,DB01168,Ouabain,Procarbazine,cardiotoxic activities,cardiotoxic activities,cardiotoxicity
DB01092,DB01169,Ouabain,Arsenic trioxide,cardiotoxic activities,cardiotoxic activities,cardiotoxicity
DB01092,DB01177,Ouabain,Idarubicin,cardiotoxic activities,cardiotoxic activities,cardiotoxicity
DB01092,DB01181,Ouabain,Ifosfamide,cardiotoxic activities,cardiotoxic activities,cardiotoxicity
DB01092,DB01196,Ouabain,Estramustine,cardiotoxic activities,cardiotoxic activities,cardiotoxicity
DB01092,DB01204,Ouabain,Mitoxantrone,cardiotoxic activities,cardiotoxic activities,cardiotoxicity
DB01092,DB01206,Ouabain,Lomustine,cardiotoxic activities,cardiotoxic activities,cardiotoxicity
DB01092,DB01229,Ouabain,Paclitaxel,cardiotoxic activities,cardiotoxic activities,cardiotoxicity
DB01092,DB01248,Ouabain,Docetaxel,cardiotoxic activities,cardiotoxic activities,cardiotoxicity
DB01092,DB01254,Ouabain,Dasatinib,cardiotoxic activities,cardiotoxic activities,cardiotoxicity
DB01092,DB01259,Ouabain,Lapatinib,cardiotoxic activities,cardiotoxic activities,cardiotoxicity
DB01092,DB01262,Ouabain,Decitabine,cardiotoxic activities,cardiotoxic activities,cardiotoxicity
DB01092,DB01268,Ouabain,Sunitinib,cardiotoxic activities,cardiotoxic activities,cardiotoxicity
DB01092,DB02546,Ouabain,Vorinostat,cardiotoxic activities,cardiotoxic activities,cardiotoxicity
DB01092,DB04572,Ouabain,Thiotepa,cardiotoxic activities,cardiotoxic activities,cardiotoxicity
DB01092,DB04865,Ouabain,Omacetaxine mepesuccinate,cardiotoxic activities,cardiotoxic activities,cardiotoxicity
DB01092,DB05015,Ouabain,Belinostat,cardiotoxic activities,cardiotoxic activities,cardiotoxicity
DB01092,DB05109,Ouabain,Trabectedin,cardiotoxic activities,cardiotoxic activities,cardiotoxicity
DB01092,DB06176,Ouabain,Romidepsin,cardiotoxic activities,cardiotoxic activities,cardiotoxicity
DB01092,DB06193,Ouabain,Pixantrone,cardiotoxic activities,cardiotoxic activities,cardiotoxicity
DB01092,DB06263,Ouabain,Amrubicin,cardiotoxic activities,cardiotoxic activities,cardiotoxicity
DB01092,DB06287,Ouabain,Temsirolimus,cardiotoxic activities,cardiotoxic activities,cardiotoxicity
DB01092,DB06603,Ouabain,Panobinostat,cardiotoxic activities,cardiotoxic activities,cardiotoxicity
DB01092,DB06769,Ouabain,Bendamustine,cardiotoxic activities,cardiotoxic activities,cardiotoxicity
DB01092,DB06810,Ouabain,Plicamycin,cardiotoxic activities,cardiotoxic activities,cardiotoxicity
DB01092,DB08901,Ouabain,Ponatinib,cardiotoxic activities,cardiotoxic activities,cardiotoxicity
DB01092,DB08911,Ouabain,Trametinib,cardiotoxic activities,cardiotoxic activities,cardiotoxicity
DB01092,DB08912,Ouabain,Dabrafenib,cardiotoxic activities,cardiotoxic activities,cardiotoxicity
DB01092,DB09031,Ouabain,Miltefosine,cardiotoxic activities,cardiotoxic activities,cardiotoxicity
DB01092,DB09054,Ouabain,Idelalisib,cardiotoxic activities,cardiotoxic activities,cardiotoxicity
DB01092,DB09063,Ouabain,Ceritinib,cardiotoxic activities,cardiotoxic activities,cardiotoxicity
DB01092,DB09073,Ouabain,Palbociclib,cardiotoxic activities,cardiotoxic activities,cardiotoxicity
DB01092,DB09074,Ouabain,Olaparib,cardiotoxic activities,cardiotoxic activities,cardiotoxicity
DB01092,DB09078,Ouabain,Lenvatinib,cardiotoxic activities,cardiotoxic activities,cardiotoxicity
DB01092,DB09079,Ouabain,Nintedanib,cardiotoxic activities,cardiotoxic activities,cardiotoxicity
DB01092,DB09256,Ouabain,Tegafur,cardiotoxic activities,cardiotoxic activities,cardiotoxicity
DB01092,DB09570,Ouabain,Ixazomib,cardiotoxic activities,cardiotoxic activities,cardiotoxicity
DB01092,DB11630,Ouabain,Temoporfin,cardiotoxic activities,cardiotoxic activities,cardiotoxicity
DB01092,DB01128,Ouabain,Bicalutamide,cardiotoxic activities,cardiotoxic activities,cardiotoxicity
DB01092,DB01217,Ouabain,Anastrozole,cardiotoxic activities,cardiotoxic activities,cardiotoxicity
DB01092,DB01590,Ouabain,Everolimus,cardiotoxic activities,cardiotoxic activities,cardiotoxicity
DB01092,DB01280,Ouabain,Nelarabine,cardiotoxic activities,cardiotoxic activities,cardiotoxicity
DB01092,DB04868,Ouabain,Nilotinib,cardiotoxic activities,cardiotoxic activities,cardiotoxicity
DB01092,DB05294,Ouabain,Vandetanib,cardiotoxic activities,cardiotoxic activities,cardiotoxicity
DB01092,DB06589,Ouabain,Pazopanib,cardiotoxic activities,cardiotoxic activities,cardiotoxicity
DB01092,DB06616,Ouabain,Bosutinib,cardiotoxic activities,cardiotoxic activities,cardiotoxicity
DB01092,DB06626,Ouabain,Axitinib,cardiotoxic activities,cardiotoxic activities,cardiotoxicity
DB01092,DB06772,Ouabain,Cabazitaxel,cardiotoxic activities,cardiotoxic activities,cardiotoxicity
DB01092,DB08828,Ouabain,Vismodegib,cardiotoxic activities,cardiotoxic activities,cardiotoxicity
DB01092,DB08865,Ouabain,Crizotinib,cardiotoxic activities,cardiotoxic activities,cardiotoxicity
DB01092,DB08871,Ouabain,Eribulin,cardiotoxic activities,cardiotoxic activities,cardiotoxicity
DB01092,DB08877,Ouabain,Ruxolitinib,cardiotoxic activities,cardiotoxic activities,cardiotoxicity
DB01092,DB08881,Ouabain,Vemurafenib,cardiotoxic activities,cardiotoxic activities,cardiotoxicity
DB01092,DB08889,Ouabain,Carfilzomib,cardiotoxic activities,cardiotoxic activities,cardiotoxicity
DB01092,DB08896,Ouabain,Regorafenib,cardiotoxic activities,cardiotoxic activities,cardiotoxicity
DB01092,DB08916,Ouabain,Afatinib,cardiotoxic activities,cardiotoxic activities,cardiotoxicity
DB01092,DB09053,Ouabain,Ibrutinib,cardiotoxic activities,cardiotoxic activities,cardiotoxicity
DB01092,DB05812,Ouabain,Abiraterone,cardiotoxic activities,cardiotoxic activities,cardiotoxicity
DB01092,DB06595,Ouabain,Midostaurin,cardiotoxic activities,cardiotoxic activities,cardiotoxicity
DB01092,DB06825,Ouabain,Triptorelin,cardiotoxic activities,cardiotoxic activities,cardiotoxicity
DB01092,DB08910,Ouabain,Pomalidomide,cardiotoxic activities,cardiotoxic activities,cardiotoxicity
DB01092,DB09330,Ouabain,Osimertinib,cardiotoxic activities,cardiotoxic activities,cardiotoxicity
DB01092,DB01097,Ouabain,Leflunomide,cardiotoxic activities,cardiotoxic activities,cardiotoxicity
DB01092,DB01103,Ouabain,Quinacrine,cardiotoxic activities,cardiotoxic activities,cardiotoxicity
DB01092,DB01108,Ouabain,Trilostane,cardiotoxic activities,cardiotoxic activities,cardiotoxicity
DB01092,DB01137,Ouabain,Levofloxacin,cardiotoxic activities,cardiotoxic activities,cardiotoxicity
DB01092,DB01155,Ouabain,Gemifloxacin,cardiotoxic activities,cardiotoxic activities,cardiotoxicity
DB01092,DB01157,Ouabain,Trimetrexate,cardiotoxic activities,cardiotoxic activities,cardiotoxicity
DB01092,DB01165,Ouabain,Ofloxacin,cardiotoxic activities,cardiotoxic activities,cardiotoxicity
DB01092,DB01179,Ouabain,Podofilox,cardiotoxic activities,cardiotoxic activities,cardiotoxicity
DB01092,DB01208,Ouabain,Sparfloxacin,cardiotoxic activities,cardiotoxic activities,cardiotoxicity
DB01092,DB01234,Ouabain,Dexamethasone,cardiotoxic activities,cardiotoxic activities,cardiotoxicity
DB01092,DB01394,Ouabain,Colchicine,cardiotoxic activities,cardiotoxic activities,cardiotoxicity
DB01092,DB02300,Ouabain,Calcipotriol,cardiotoxic activities,cardiotoxic activities,cardiotoxicity
DB01092,DB02709,Ouabain,Resveratrol,cardiotoxic activities,cardiotoxic activities,cardiotoxicity
DB01092,DB04576,Ouabain,Fleroxacin,cardiotoxic activities,cardiotoxic activities,cardiotoxicity
DB01092,DB04786,Ouabain,Suramin,cardiotoxic activities,cardiotoxic activities,cardiotoxicity
DB01092,DB04839,Ouabain,Cyproterone acetate,cardiotoxic activities,cardiotoxic activities,cardiotoxicity
DB01092,DB04894,Ouabain,Vapreotide,cardiotoxic activities,cardiotoxic activities,cardiotoxicity
DB01092,DB04951,Ouabain,Pirfenidone,cardiotoxic activities,cardiotoxic activities,cardiotoxicity
DB01092,DB05260,Ouabain,Gallium nitrate,cardiotoxic activities,cardiotoxic activities,cardiotoxicity
DB01092,DB05265,Ouabain,Ecabet,cardiotoxic activities,cardiotoxic activities,cardiotoxicity
DB01092,DB06243,Ouabain,Eflornithine,cardiotoxic activities,cardiotoxic activities,cardiotoxicity
DB01092,DB06272,Ouabain,Maxacalcitol,cardiotoxic activities,cardiotoxic activities,cardiotoxicity
DB01092,DB06704,Ouabain,Iobenguane,cardiotoxic activities,cardiotoxic activities,cardiotoxicity
DB01092,DB06710,Ouabain,Methyltestosterone,cardiotoxic activities,cardiotoxic activities,cardiotoxicity
DB01092,DB06771,Ouabain,Besifloxacin,cardiotoxic activities,cardiotoxic activities,cardiotoxicity
DB01092,DB06789,Ouabain,Hydroxyprogesterone caproate,cardiotoxic activities,cardiotoxic activities,cardiotoxicity
DB01092,DB06791,Ouabain,Lanreotide,cardiotoxic activities,cardiotoxic activities,cardiotoxicity
DB01092,DB06819,Ouabain,Phenylbutyric acid,cardiotoxic activities,cardiotoxic activities,cardiotoxicity
DB01092,DB08905,Ouabain,Formestane,cardiotoxic activities,cardiotoxic activities,cardiotoxicity
DB01092,DB08913,Ouabain,Radium Ra 223 Dichloride,cardiotoxic activities,cardiotoxic activities,cardiotoxicity
DB01092,DB09070,Ouabain,Tibolone,cardiotoxic activities,cardiotoxic activities,cardiotoxicity
DB01092,DB09094,Ouabain,Podophyllin,cardiotoxic activities,cardiotoxic activities,cardiotoxicity
DB01092,DB09123,Ouabain,Dienogest,cardiotoxic activities,cardiotoxic activities,cardiotoxicity
DB01092,DB09124,Ouabain,Medrogestone,cardiotoxic activities,cardiotoxic activities,cardiotoxicity
DB01092,DB09244,Ouabain,Pirlindole,cardiotoxic activities,cardiotoxic activities,cardiotoxicity
DB01092,DB09269,Ouabain,Phenylacetic acid,cardiotoxic activities,cardiotoxic activities,cardiotoxicity
DB01092,DB09335,Ouabain,Alatrofloxacin,cardiotoxic activities,cardiotoxic activities,cardiotoxicity
DB01092,DB09401,Ouabain,Isosorbide,cardiotoxic activities,cardiotoxic activities,cardiotoxicity
DB01092,DB09516,Ouabain,Mequinol,cardiotoxic activities,cardiotoxic activities,cardiotoxicity
DB01092,DB11231,Ouabain,Lycopene,cardiotoxic activities,cardiotoxic activities,cardiotoxicity
DB01092,DB11672,Ouabain,Curcumin,cardiotoxic activities,cardiotoxic activities,cardiotoxicity
DB01092,DB11793,Ouabain,Niraparib,cardiotoxic activities,cardiotoxic activities,cardiotoxicity
DB01092,DB12332,Ouabain,Rucaparib,cardiotoxic activities,cardiotoxic activities,cardiotoxicity
DB01092,DB12473,Ouabain,Taurolidine,cardiotoxic activities,cardiotoxic activities,cardiotoxicity
DB01092,DB13145,Ouabain,Nedaplatin,cardiotoxic activities,cardiotoxic activities,cardiotoxicity
DB01092,DB04845,Ouabain,Ixabepilone,cardiotoxic activities,cardiotoxic activities,cardiotoxicity
DB01092,DB06813,Ouabain,Pralatrexate,cardiotoxic activities,cardiotoxic activities,cardiotoxicity
DB01092,DB08875,Ouabain,Cabozantinib,cardiotoxic activities,cardiotoxic activities,cardiotoxicity
DB01092,DB09143,Ouabain,Sonidegib,cardiotoxic activities,cardiotoxic activities,cardiotoxicity
DB01092,DB11641,Ouabain,Vinflunine,cardiotoxic activities,cardiotoxic activities,cardiotoxicity
DB01092,DB05239,Ouabain,Cobimetinib,cardiotoxic activities,cardiotoxic activities,cardiotoxicity
DB01092,DB06699,Ouabain,Degarelix,cardiotoxic activities,cardiotoxic activities,cardiotoxicity
DB01092,DB08899,Ouabain,Enzalutamide,cardiotoxic activities,cardiotoxic activities,cardiotoxicity
DB01092,DB11363,Ouabain,Alectinib,cardiotoxic activities,cardiotoxic activities,cardiotoxicity
DB01092,DB11581,Ouabain,Venetoclax,cardiotoxic activities,cardiotoxic activities,cardiotoxicity
DB01092,DB11730,Ouabain,Ribociclib,cardiotoxic activities,cardiotoxic activities,cardiotoxicity
DB01095,DB06589,Fluvastatin,Pazopanib,hepatotoxic activities,hepatotoxic activities,hepatotoxicity
DB01097,DB09449,Leflunomide,Sodium phosphate,nephrotoxic activities,nephrotoxic activities,nephrotoxicity
DB01097,DB01396,Leflunomide,Digitoxin,cardiotoxic activities,cardiotoxic activities,cardiotoxicity
DB01097,DB01250,Leflunomide,Olsalazine,nephrotoxic activities,nephrotoxic activities,nephrotoxicity
DB01098,DB06589,Rosuvastatin,Pazopanib,hepatotoxic activities,hepatotoxic activities,hepatotoxicity
DB01101,DB01396,Capecitabine,Digitoxin,cardiotoxic activities,cardiotoxic activities,cardiotoxicity
DB01103,DB01396,Quinacrine,Digitoxin,cardiotoxic activities,cardiotoxic activities,cardiotoxicity
DB01108,DB01396,Trilostane,Digitoxin,cardiotoxic activities,cardiotoxic activities,cardiotoxicity
DB01111,DB01172,Colistimethate,Kanamycin,nephrotoxic activities,nephrotoxic activities,nephrotoxicity
DB01111,DB01421,Colistimethate,Paromomycin,nephrotoxic activities,nephrotoxic activities,nephrotoxicity
DB01111,DB03615,Colistimethate,Ribostamycin,nephrotoxic activities,nephrotoxic activities,nephrotoxicity
DB01111,DB06696,Colistimethate,Arbekacin,nephrotoxic activities,nephrotoxic activities,nephrotoxicity
DB01111,DB12615,Colistimethate,Plazomicin,nephrotoxic activities,nephrotoxic activities,nephrotoxicity
DB01112,DB01172,Cefuroxime,Kanamycin,nephrotoxic activities,nephrotoxic activities,nephrotoxicity
DB01112,DB01421,Cefuroxime,Paromomycin,nephrotoxic activities,nephrotoxic activities,nephrotoxicity
DB01112,DB03615,Cefuroxime,Ribostamycin,nephrotoxic activities,nephrotoxic activities,nephrotoxicity
DB01112,DB06696,Cefuroxime,Arbekacin,nephrotoxic activities,nephrotoxic activities,nephrotoxicity
DB01112,DB12615,Cefuroxime,Plazomicin,nephrotoxic activities,nephrotoxic activities,nephrotoxicity
DB01118,DB05528,Amiodarone,Mipomersen,hepatotoxic activities,hepatotoxic activities,hepatotoxicity
DB01128,DB01396,Bicalutamide,Digitoxin,cardiotoxic activities,cardiotoxic activities,cardiotoxicity
DB01137,DB01396,Levofloxacin,Digitoxin,cardiotoxic activities,cardiotoxic activities,cardiotoxicity
DB01150,DB01172,Cefprozil,Kanamycin,nephrotoxic activities,nephrotoxic activities,nephrotoxicity
DB01150,DB01421,Cefprozil,Paromomycin,nephrotoxic activities,nephrotoxic activities,nephrotoxicity
DB01150,DB03615,Cefprozil,Ribostamycin,nephrotoxic activities,nephrotoxic activities,nephrotoxicity
DB01150,DB06696,Cefprozil,Arbekacin,nephrotoxic activities,nephrotoxic activities,nephrotoxicity
DB01150,DB12615,Cefprozil,Plazomicin,nephrotoxic activities,nephrotoxic activities,nephrotoxicity
DB01155,DB01396,Gemifloxacin,Digitoxin,cardiotoxic activities,cardiotoxic activities,cardiotoxicity
DB01157,DB01396,Trimetrexate,Digitoxin,cardiotoxic activities,cardiotoxic activities,cardiotoxicity
DB01165,DB01396,Ofloxacin,Digitoxin,cardiotoxic activities,cardiotoxic activities,cardiotoxicity
DB01168,DB01396,Procarbazine,Digitoxin,cardiotoxic activities,cardiotoxic activities,cardiotoxicity
DB01169,DB01396,Arsenic trioxide,Digitoxin,cardiotoxic activities,cardiotoxic activities,cardiotoxicity
DB01172,DB00447,Kanamycin,Loracarbef,nephrotoxic activities,nephrotoxic activities,nephrotoxicity
DB01172,DB01326,Kanamycin,Cefamandole,nephrotoxic activities,nephrotoxic activities,nephrotoxicity
DB01172,DB01328,Kanamycin,Cefonicid,nephrotoxic activities,nephrotoxic activities,nephrotoxicity
DB01172,DB01330,Kanamycin,Cefotetan,nephrotoxic activities,nephrotoxic activities,nephrotoxicity
DB01172,DB01331,Kanamycin,Cefoxitin,nephrotoxic activities,nephrotoxic activities,nephrotoxicity
DB01172,DB09062,Kanamycin,Cefminox,nephrotoxic activities,nephrotoxic activities,nephrotoxicity
DB01172,DB01212,Kanamycin,Ceftriaxone,nephrotoxic activities,nephrotoxic activities,nephrotoxicity
DB01172,DB01329,Kanamycin,Cefoperazone,nephrotoxic activities,nephrotoxic activities,nephrotoxicity
DB01172,DB01332,Kanamycin,Ceftizoxime,nephrotoxic activities,nephrotoxic activities,nephrotoxicity
DB01172,DB01415,Kanamycin,Ceftibuten,nephrotoxic activities,nephrotoxic activities,nephrotoxicity
DB01172,DB01416,Kanamycin,Cefpodoxime,nephrotoxic activities,nephrotoxic activities,nephrotoxicity
DB01172,DB04570,Kanamycin,Latamoxef,nephrotoxic activities,nephrotoxic activities,nephrotoxicity
DB01172,DB01413,Kanamycin,Cefepime,nephrotoxic activities,nephrotoxic activities,nephrotoxicity
DB01172,DB13682,Kanamycin,Cefpirome,nephrotoxic activities,nephrotoxic activities,nephrotoxicity
DB01174,DB01284,Phenobarbital,Tetracosactide,hepatotoxic activities,hepatotoxic activities,hepatotoxicity
DB01177,DB01396,Idarubicin,Digitoxin,cardiotoxic activities,cardiotoxic activities,cardiotoxicity
DB01179,DB01396,Podofilox,Digitoxin,cardiotoxic activities,cardiotoxic activities,cardiotoxicity
DB01180,DB09449,Rescinnamine,Sodium phosphate,nephrotoxic activities,nephrotoxic activities,nephrotoxicity
DB01180,DB06292,Rescinnamine,Dapagliflozin,risk or severity of renal failure and hyperkalemia,risk or severity of renal failure,nephrotoxicity
DB01180,DB08907,Rescinnamine,Canagliflozin,risk or severity of renal failure and hyperkalemia,risk or severity of renal failure,nephrotoxicity
DB01180,DB09038,Rescinnamine,Empagliflozin,risk or severity of renal failure and hyperkalemia,risk or severity of renal failure,nephrotoxicity
DB01181,DB01396,Ifosfamide,Digitoxin,cardiotoxic activities,cardiotoxic activities,cardiotoxicity
DB01196,DB01396,Estramustine,Digitoxin,cardiotoxic activities,cardiotoxic activities,cardiotoxicity
DB01197,DB09449,Captopril,Sodium phosphate,nephrotoxic activities,nephrotoxic activities,nephrotoxicity
DB01197,DB08907,Captopril,Canagliflozin,risk or severity of renal failure and hyperkalemia,risk or severity of renal failure,nephrotoxicity
DB01204,DB01396,Mitoxantrone,Digitoxin,cardiotoxic activities,cardiotoxic activities,cardiotoxicity
DB01206,DB01396,Lomustine,Digitoxin,cardiotoxic activities,cardiotoxic activities,cardiotoxicity
DB01208,DB01396,Sparfloxacin,Digitoxin,cardiotoxic activities,cardiotoxic activities,cardiotoxicity
DB01212,DB01421,Ceftriaxone,Paromomycin,nephrotoxic activities,nephrotoxic activities,nephrotoxicity
DB01212,DB03615,Ceftriaxone,Ribostamycin,nephrotoxic activities,nephrotoxic activities,nephrotoxicity
DB01212,DB06696,Ceftriaxone,Arbekacin,nephrotoxic activities,nephrotoxic activities,nephrotoxicity
DB01212,DB12615,Ceftriaxone,Plazomicin,nephrotoxic activities,nephrotoxic activities,nephrotoxicity
DB01217,DB01396,Anastrozole,Digitoxin,cardiotoxic activities,cardiotoxic activities,cardiotoxicity
DB01229,DB01396,Paclitaxel,Digitoxin,cardiotoxic activities,cardiotoxic activities,cardiotoxicity
DB01234,DB01396,Dexamethasone,Digitoxin,cardiotoxic activities,cardiotoxic activities,cardiotoxicity
DB01248,DB01396,Docetaxel,Digitoxin,cardiotoxic activities,cardiotoxic activities,cardiotoxicity
DB01250,DB09449,Olsalazine,Sodium phosphate,nephrotoxic activities,nephrotoxic activities,nephrotoxicity
DB01250,DB03585,Olsalazine,Oxyphenbutazone,nephrotoxic activities,nephrotoxic activities,nephrotoxicity
DB01250,DB04817,Olsalazine,Metamizole,nephrotoxic activities,nephrotoxic activities,nephrotoxicity
DB01250,DB04951,Olsalazine,Pirfenidone,nephrotoxic activities,nephrotoxic activities,nephrotoxicity
DB01250,DB05676,Olsalazine,Apremilast,nephrotoxic activities,nephrotoxic activities,nephrotoxicity
DB01250,DB06196,Olsalazine,Icatibant,nephrotoxic activities,nephrotoxic activities,nephrotoxicity
DB01250,DB06737,Olsalazine,Zaltoprofen,nephrotoxic activities,nephrotoxic activities,nephrotoxicity
DB01250,DB06739,Olsalazine,Seratrodast,nephrotoxic activities,nephrotoxic activities,nephrotoxicity
DB01250,DB07615,Olsalazine,Tranilast,nephrotoxic activities,nephrotoxic activities,nephrotoxicity
DB01250,DB08797,Olsalazine,Salicylamide,nephrotoxic activities,nephrotoxic activities,nephrotoxicity
DB01250,DB08880,Olsalazine,Teriflunomide,nephrotoxic activities,nephrotoxic activities,nephrotoxicity
DB01250,DB08981,Olsalazine,Fenbufen,nephrotoxic activities,nephrotoxic activities,nephrotoxicity
DB01250,DB08984,Olsalazine,Etofenamate,nephrotoxic activities,nephrotoxic activities,nephrotoxicity
DB01250,DB08991,Olsalazine,Epirizole,nephrotoxic activities,nephrotoxic activities,nephrotoxicity
DB01250,DB09212,Olsalazine,Loxoprofen,nephrotoxic activities,nephrotoxic activities,nephrotoxicity
DB01250,DB09216,Olsalazine,Tolfenamic Acid,nephrotoxic activities,nephrotoxic activities,nephrotoxicity
DB01250,DB09218,Olsalazine,Clonixin,nephrotoxic activities,nephrotoxic activities,nephrotoxicity
DB01250,DB09288,Olsalazine,Propacetamol,nephrotoxic activities,nephrotoxic activities,nephrotoxicity
DB01250,DB11672,Olsalazine,Curcumin,nephrotoxic activities,nephrotoxic activities,nephrotoxicity
DB01250,DB12598,Olsalazine,Nafamostat,nephrotoxic activities,nephrotoxic activities,nephrotoxicity
DB01250,DB13063,Olsalazine,Parthenolide,nephrotoxic activities,nephrotoxic activities,nephrotoxicity
DB01250,DB13167,Olsalazine,Alclofenac,nephrotoxic activities,nephrotoxic activities,nephrotoxicity
DB01250,DB09084,Olsalazine,Benzydamine,nephrotoxic activities,nephrotoxic activities,nephrotoxicity
DB01254,DB09288,Dasatinib,Propacetamol,hepatotoxic activities,hepatotoxic activities,hepatotoxicity
DB01259,DB01396,Lapatinib,Digitoxin,cardiotoxic activities,cardiotoxic activities,cardiotoxicity
DB01262,DB01396,Decitabine,Digitoxin,cardiotoxic activities,cardiotoxic activities,cardiotoxicity
DB01268,DB01396,Sunitinib,Digitoxin,cardiotoxic activities,cardiotoxic activities,cardiotoxicity
DB01280,DB01396,Nelarabine,Digitoxin,cardiotoxic activities,cardiotoxic activities,cardiotoxicity
DB01283,DB09449,Lumiracoxib,Sodium phosphate,nephrotoxic activities,nephrotoxic activities,nephrotoxicity
DB01284,DB01595,Tetracosactide,Nitrazepam,hepatotoxic activities,hepatotoxic activities,hepatotoxicity
DB01324,DB09449,Polythiazide,Sodium phosphate,nephrotoxic activities,nephrotoxic activities,nephrotoxicity
DB01325,DB09449,Quinethazone,Sodium phosphate,nephrotoxic activities,nephrotoxic activities,nephrotoxicity
DB01326,DB01421,Cefamandole,Paromomycin,nephrotoxic activities,nephrotoxic activities,nephrotoxicity
DB01326,DB03615,Cefamandole,Ribostamycin,nephrotoxic activities,nephrotoxic activities,nephrotoxicity
DB01326,DB06696,Cefamandole,Arbekacin,nephrotoxic activities,nephrotoxic activities,nephrotoxicity
DB01326,DB12615,Cefamandole,Plazomicin,nephrotoxic activities,nephrotoxic activities,nephrotoxicity
DB01328,DB01421,Cefonicid,Paromomycin,nephrotoxic activities,nephrotoxic activities,nephrotoxicity
DB01328,DB03615,Cefonicid,Ribostamycin,nephrotoxic activities,nephrotoxic activities,nephrotoxicity
DB01328,DB06696,Cefonicid,Arbekacin,nephrotoxic activities,nephrotoxic activities,nephrotoxicity
DB01328,DB12615,Cefonicid,Plazomicin,nephrotoxic activities,nephrotoxic activities,nephrotoxicity
DB01329,DB01421,Cefoperazone,Paromomycin,nephrotoxic activities,nephrotoxic activities,nephrotoxicity
DB01329,DB03615,Cefoperazone,Ribostamycin,nephrotoxic activities,nephrotoxic activities,nephrotoxicity
DB01329,DB06696,Cefoperazone,Arbekacin,nephrotoxic activities,nephrotoxic activities,nephrotoxicity
DB01329,DB12615,Cefoperazone,Plazomicin,nephrotoxic activities,nephrotoxic activities,nephrotoxicity
DB01330,DB01421,Cefotetan,Paromomycin,nephrotoxic activities,nephrotoxic activities,nephrotoxicity
DB01330,DB03615,Cefotetan,Ribostamycin,nephrotoxic activities,nephrotoxic activities,nephrotoxicity
DB01330,DB06696,Cefotetan,Arbekacin,nephrotoxic activities,nephrotoxic activities,nephrotoxicity
DB01330,DB12615,Cefotetan,Plazomicin,nephrotoxic activities,nephrotoxic activities,nephrotoxicity
DB01331,DB01421,Cefoxitin,Paromomycin,nephrotoxic activities,nephrotoxic activities,nephrotoxicity
DB01331,DB03615,Cefoxitin,Ribostamycin,nephrotoxic activities,nephrotoxic activities,nephrotoxicity
DB01331,DB06696,Cefoxitin,Arbekacin,nephrotoxic activities,nephrotoxic activities,nephrotoxicity
DB01331,DB12615,Cefoxitin,Plazomicin,nephrotoxic activities,nephrotoxic activities,nephrotoxicity
DB01332,DB01421,Ceftizoxime,Paromomycin,nephrotoxic activities,nephrotoxic activities,nephrotoxicity
DB01332,DB03615,Ceftizoxime,Ribostamycin,nephrotoxic activities,nephrotoxic activities,nephrotoxicity
DB01332,DB06696,Ceftizoxime,Arbekacin,nephrotoxic activities,nephrotoxic activities,nephrotoxicity
DB01332,DB12615,Ceftizoxime,Plazomicin,nephrotoxic activities,nephrotoxic activities,nephrotoxicity
DB01340,DB09449,Cilazapril,Sodium phosphate,nephrotoxic activities,nephrotoxic activities,nephrotoxicity
DB01340,DB08907,Cilazapril,Canagliflozin,risk or severity of renal failure and hyperkalemia,risk or severity of renal failure,nephrotoxicity
DB01345,DB09449,Potassium,Sodium phosphate,nephrotoxic activities,nephrotoxic activities,nephrotoxicity
DB01348,DB09449,Spirapril,Sodium phosphate,nephrotoxic activities,nephrotoxic activities,nephrotoxicity
DB01348,DB06292,Spirapril,Dapagliflozin,risk or severity of renal failure and hyperkalemia,risk or severity of renal failure,nephrotoxicity
DB01348,DB08907,Spirapril,Canagliflozin,risk or severity of renal failure and hyperkalemia,risk or severity of renal failure,nephrotoxicity
DB01348,DB09038,Spirapril,Empagliflozin,risk or severity of renal failure and hyperkalemia,risk or severity of renal failure,nephrotoxicity
DB01349,DB09449,Tasosartan,Sodium phosphate,nephrotoxic activities,nephrotoxic activities,nephrotoxicity
DB01394,DB01396,Colchicine,Digitoxin,cardiotoxic activities,cardiotoxic activities,cardiotoxicity
DB01395,DB09449,Drospirenone,Sodium phosphate,nephrotoxic activities,nephrotoxic activities,nephrotoxicity
DB01396,DB02546,Digitoxin,Vorinostat,cardiotoxic activities,cardiotoxic activities,cardiotoxicity
DB01396,DB04572,Digitoxin,Thiotepa,cardiotoxic activities,cardiotoxic activities,cardiotoxicity
DB01396,DB04865,Digitoxin,Omacetaxine mepesuccinate,cardiotoxic activities,cardiotoxic activities,cardiotoxicity
DB01396,DB05015,Digitoxin,Belinostat,cardiotoxic activities,cardiotoxic activities,cardiotoxicity
DB01396,DB05109,Digitoxin,Trabectedin,cardiotoxic activities,cardiotoxic activities,cardiotoxicity
DB01396,DB06176,Digitoxin,Romidepsin,cardiotoxic activities,cardiotoxic activities,cardiotoxicity
DB01396,DB06193,Digitoxin,Pixantrone,cardiotoxic activities,cardiotoxic activities,cardiotoxicity
DB01396,DB06263,Digitoxin,Amrubicin,cardiotoxic activities,cardiotoxic activities,cardiotoxicity
DB01396,DB06287,Digitoxin,Temsirolimus,cardiotoxic activities,cardiotoxic activities,cardiotoxicity
DB01396,DB06603,Digitoxin,Panobinostat,cardiotoxic activities,cardiotoxic activities,cardiotoxicity
DB01396,DB06769,Digitoxin,Bendamustine,cardiotoxic activities,cardiotoxic activities,cardiotoxicity
DB01396,DB06810,Digitoxin,Plicamycin,cardiotoxic activities,cardiotoxic activities,cardiotoxicity
DB01396,DB08901,Digitoxin,Ponatinib,cardiotoxic activities,cardiotoxic activities,cardiotoxicity
DB01396,DB08911,Digitoxin,Trametinib,cardiotoxic activities,cardiotoxic activities,cardiotoxicity
DB01396,DB09031,Digitoxin,Miltefosine,cardiotoxic activities,cardiotoxic activities,cardiotoxicity
DB01396,DB09074,Digitoxin,Olaparib,cardiotoxic activities,cardiotoxic activities,cardiotoxicity
DB01396,DB09078,Digitoxin,Lenvatinib,cardiotoxic activities,cardiotoxic activities,cardiotoxicity
DB01396,DB09079,Digitoxin,Nintedanib,cardiotoxic activities,cardiotoxic activities,cardiotoxicity
DB01396,DB09256,Digitoxin,Tegafur,cardiotoxic activities,cardiotoxic activities,cardiotoxicity
DB01396,DB09570,Digitoxin,Ixazomib,cardiotoxic activities,cardiotoxic activities,cardiotoxicity
DB01396,DB11630,Digitoxin,Temoporfin,cardiotoxic activities,cardiotoxic activities,cardiotoxicity
DB01396,DB01590,Digitoxin,Everolimus,cardiotoxic activities,cardiotoxic activities,cardiotoxicity
DB01396,DB04868,Digitoxin,Nilotinib,cardiotoxic activities,cardiotoxic activities,cardiotoxicity
DB01396,DB05294,Digitoxin,Vandetanib,cardiotoxic activities,cardiotoxic activities,cardiotoxicity
DB01396,DB06589,Digitoxin,Pazopanib,cardiotoxic activities,cardiotoxic activities,cardiotoxicity
DB01396,DB06616,Digitoxin,Bosutinib,cardiotoxic activities,cardiotoxic activities,cardiotoxicity
DB01396,DB06626,Digitoxin,Axitinib,cardiotoxic activities,cardiotoxic activities,cardiotoxicity
DB01396,DB06772,Digitoxin,Cabazitaxel,cardiotoxic activities,cardiotoxic activities,cardiotoxicity
DB01396,DB08828,Digitoxin,Vismodegib,cardiotoxic activities,cardiotoxic activities,cardiotoxicity
DB01396,DB08865,Digitoxin,Crizotinib,cardiotoxic activities,cardiotoxic activities,cardiotoxicity
DB01396,DB08871,Digitoxin,Eribulin,cardiotoxic activities,cardiotoxic activities,cardiotoxicity
DB01396,DB08877,Digitoxin,Ruxolitinib,cardiotoxic activities,cardiotoxic activities,cardiotoxicity
DB01396,DB08889,Digitoxin,Carfilzomib,cardiotoxic activities,cardiotoxic activities,cardiotoxicity
DB01396,DB08896,Digitoxin,Regorafenib,cardiotoxic activities,cardiotoxic activities,cardiotoxicity
DB01396,DB08916,Digitoxin,Afatinib,cardiotoxic activities,cardiotoxic activities,cardiotoxicity
DB01396,DB09053,Digitoxin,Ibrutinib,cardiotoxic activities,cardiotoxic activities,cardiotoxicity
DB01396,DB05812,Digitoxin,Abiraterone,cardiotoxic activities,cardiotoxic activities,cardiotoxicity
DB01396,DB06595,Digitoxin,Midostaurin,cardiotoxic activities,cardiotoxic activities,cardiotoxicity
DB01396,DB06825,Digitoxin,Triptorelin,cardiotoxic activities,cardiotoxic activities,cardiotoxicity
DB01396,DB08910,Digitoxin,Pomalidomide,cardiotoxic activities,cardiotoxic activities,cardiotoxicity
DB01396,DB02300,Digitoxin,Calcipotriol,cardiotoxic activities,cardiotoxic activities,cardiotoxicity
DB01396,DB02709,Digitoxin,Resveratrol,cardiotoxic activities,cardiotoxic activities,cardiotoxicity
DB01396,DB04576,Digitoxin,Fleroxacin,cardiotoxic activities,cardiotoxic activities,cardiotoxicity
DB01396,DB04786,Digitoxin,Suramin,cardiotoxic activities,cardiotoxic activities,cardiotoxicity
DB01396,DB04839,Digitoxin,Cyproterone acetate,cardiotoxic activities,cardiotoxic activities,cardiotoxicity
DB01396,DB04894,Digitoxin,Vapreotide,cardiotoxic activities,cardiotoxic activities,cardiotoxicity
DB01396,DB04951,Digitoxin,Pirfenidone,cardiotoxic activities,cardiotoxic activities,cardiotoxicity
DB01396,DB05260,Digitoxin,Gallium nitrate,cardiotoxic activities,cardiotoxic activities,cardiotoxicity
DB01396,DB05265,Digitoxin,Ecabet,cardiotoxic activities,cardiotoxic activities,cardiotoxicity
DB01396,DB06243,Digitoxin,Eflornithine,cardiotoxic activities,cardiotoxic activities,cardiotoxicity
DB01396,DB06272,Digitoxin,Maxacalcitol,cardiotoxic activities,cardiotoxic activities,cardiotoxicity
DB01396,DB06704,Digitoxin,Iobenguane,cardiotoxic activities,cardiotoxic activities,cardiotoxicity
DB01396,DB06710,Digitoxin,Methyltestosterone,cardiotoxic activities,cardiotoxic activities,cardiotoxicity
DB01396,DB06771,Digitoxin,Besifloxacin,cardiotoxic activities,cardiotoxic activities,cardiotoxicity
DB01396,DB06789,Digitoxin,Hydroxyprogesterone caproate,cardiotoxic activities,cardiotoxic activities,cardiotoxicity
DB01396,DB06791,Digitoxin,Lanreotide,cardiotoxic activities,cardiotoxic activities,cardiotoxicity
DB01396,DB06819,Digitoxin,Phenylbutyric acid,cardiotoxic activities,cardiotoxic activities,cardiotoxicity
DB01396,DB08905,Digitoxin,Formestane,cardiotoxic activities,cardiotoxic activities,cardiotoxicity
DB01396,DB08913,Digitoxin,Radium Ra 223 Dichloride,cardiotoxic activities,cardiotoxic activities,cardiotoxicity
DB01396,DB09070,Digitoxin,Tibolone,cardiotoxic activities,cardiotoxic activities,cardiotoxicity
DB01396,DB09094,Digitoxin,Podophyllin,cardiotoxic activities,cardiotoxic activities,cardiotoxicity
DB01396,DB09123,Digitoxin,Dienogest,cardiotoxic activities,cardiotoxic activities,cardiotoxicity
DB01396,DB09124,Digitoxin,Medrogestone,cardiotoxic activities,cardiotoxic activities,cardiotoxicity
DB01396,DB09244,Digitoxin,Pirlindole,cardiotoxic activities,cardiotoxic activities,cardiotoxicity
DB01396,DB09269,Digitoxin,Phenylacetic acid,cardiotoxic activities,cardiotoxic activities,cardiotoxicity
DB01396,DB09335,Digitoxin,Alatrofloxacin,cardiotoxic activities,cardiotoxic activities,cardiotoxicity
DB01396,DB09401,Digitoxin,Isosorbide,cardiotoxic activities,cardiotoxic activities,cardiotoxicity
DB01396,DB09516,Digitoxin,Mequinol,cardiotoxic activities,cardiotoxic activities,cardiotoxicity
DB01396,DB11231,Digitoxin,Lycopene,cardiotoxic activities,cardiotoxic activities,cardiotoxicity
DB01396,DB11793,Digitoxin,Niraparib,cardiotoxic activities,cardiotoxic activities,cardiotoxicity
DB01396,DB12332,Digitoxin,Rucaparib,cardiotoxic activities,cardiotoxic activities,cardiotoxicity
DB01396,DB12473,Digitoxin,Taurolidine,cardiotoxic activities,cardiotoxic activities,cardiotoxicity
DB01396,DB13145,Digitoxin,Nedaplatin,cardiotoxic activities,cardiotoxic activities,cardiotoxicity
DB01396,DB04845,Digitoxin,Ixabepilone,cardiotoxic activities,cardiotoxic activities,cardiotoxicity
DB01396,DB06813,Digitoxin,Pralatrexate,cardiotoxic activities,cardiotoxic activities,cardiotoxicity
DB01396,DB08875,Digitoxin,Cabozantinib,cardiotoxic activities,cardiotoxic activities,cardiotoxicity
DB01396,DB09143,Digitoxin,Sonidegib,cardiotoxic activities,cardiotoxic activities,cardiotoxicity
DB01396,DB11641,Digitoxin,Vinflunine,cardiotoxic activities,cardiotoxic activities,cardiotoxicity
DB01396,DB05239,Digitoxin,Cobimetinib,cardiotoxic activities,cardiotoxic activities,cardiotoxicity
DB01396,DB06699,Digitoxin,Degarelix,cardiotoxic activities,cardiotoxic activities,cardiotoxicity
DB01396,DB11363,Digitoxin,Alectinib,cardiotoxic activities,cardiotoxic activities,cardiotoxicity
DB01396,DB11581,Digitoxin,Venetoclax,cardiotoxic activities,cardiotoxic activities,cardiotoxicity
DB01396,DB11730,Digitoxin,Ribociclib,cardiotoxic activities,cardiotoxic activities,cardiotoxicity
DB01397,DB09449,Magnesium salicylate,Sodium phosphate,nephrotoxic activities,nephrotoxic activities,nephrotoxicity
DB01399,DB09449,Salsalate,Sodium phosphate,nephrotoxic activities,nephrotoxic activities,nephrotoxicity
DB01401,DB09449,Choline magnesium trisalicylate,Sodium phosphate,nephrotoxic activities,nephrotoxic activities,nephrotoxicity
DB01412,DB09449,Theobromine,Sodium phosphate,nephrotoxic activities,nephrotoxic activities,nephrotoxicity
DB01413,DB01421,Cefepime,Paromomycin,nephrotoxic activities,nephrotoxic activities,nephrotoxicity
DB01413,DB03615,Cefepime,Ribostamycin,nephrotoxic activities,nephrotoxic activities,nephrotoxicity
DB01413,DB06696,Cefepime,Arbekacin,nephrotoxic activities,nephrotoxic activities,nephrotoxicity
DB01413,DB12615,Cefepime,Plazomicin,nephrotoxic activities,nephrotoxic activities,nephrotoxicity
DB01415,DB01421,Ceftibuten,Paromomycin,nephrotoxic activities,nephrotoxic activities,nephrotoxicity
DB01415,DB03615,Ceftibuten,Ribostamycin,nephrotoxic activities,nephrotoxic activities,nephrotoxicity
DB01415,DB06696,Ceftibuten,Arbekacin,nephrotoxic activities,nephrotoxic activities,nephrotoxicity
DB01415,DB12615,Ceftibuten,Plazomicin,nephrotoxic activities,nephrotoxic activities,nephrotoxicity
DB01416,DB01421,Cefpodoxime,Paromomycin,nephrotoxic activities,nephrotoxic activities,nephrotoxicity
DB01416,DB03615,Cefpodoxime,Ribostamycin,nephrotoxic activities,nephrotoxic activities,nephrotoxicity
DB01416,DB06696,Cefpodoxime,Arbekacin,nephrotoxic activities,nephrotoxic activities,nephrotoxicity
DB01416,DB12615,Cefpodoxime,Plazomicin,nephrotoxic activities,nephrotoxic activities,nephrotoxicity
DB01421,DB00447,Paromomycin,Loracarbef,nephrotoxic activities,nephrotoxic activities,nephrotoxicity
DB01421,DB09062,Paromomycin,Cefminox,nephrotoxic activities,nephrotoxic activities,nephrotoxicity
DB01421,DB04570,Paromomycin,Latamoxef,nephrotoxic activities,nephrotoxic activities,nephrotoxicity
DB01421,DB13682,Paromomycin,Cefpirome,nephrotoxic activities,nephrotoxic activities,nephrotoxicity
DB01435,DB09449,Antipyrine,Sodium phosphate,nephrotoxic activities,nephrotoxic activities,nephrotoxicity
DB01592,DB06782,Iron,Dimercaprol,nephrotoxic activities,nephrotoxic activities,nephrotoxicity
DB01600,DB09449,Tiaprofenic acid,Sodium phosphate,nephrotoxic activities,nephrotoxic activities,nephrotoxicity
DB01628,DB09449,Etoricoxib,Sodium phosphate,nephrotoxic activities,nephrotoxic activities,nephrotoxicity
DB02709,DB09449,Resveratrol,Sodium phosphate,nephrotoxic activities,nephrotoxic activities,nephrotoxicity
DB02925,DB09449,Piretanide,Sodium phosphate,nephrotoxic activities,nephrotoxic activities,nephrotoxicity
DB03585,DB09449,Oxyphenbutazone,Sodium phosphate,nephrotoxic activities,nephrotoxic activities,nephrotoxicity
DB03615,DB00447,Ribostamycin,Loracarbef,nephrotoxic activities,nephrotoxic activities,nephrotoxicity
DB03615,DB09062,Ribostamycin,Cefminox,nephrotoxic activities,nephrotoxic activities,nephrotoxicity
DB03615,DB04570,Ribostamycin,Latamoxef,nephrotoxic activities,nephrotoxic activities,nephrotoxicity
DB03615,DB13682,Ribostamycin,Cefpirome,nephrotoxic activities,nephrotoxic activities,nephrotoxicity
DB04552,DB09449,Niflumic Acid,Sodium phosphate,nephrotoxic activities,nephrotoxic activities,nephrotoxicity
DB04570,DB06696,Latamoxef,Arbekacin,nephrotoxic activities,nephrotoxic activities,nephrotoxicity
DB04570,DB12615,Latamoxef,Plazomicin,nephrotoxic activities,nephrotoxic activities,nephrotoxicity
DB04743,DB09449,Nimesulide,Sodium phosphate,nephrotoxic activities,nephrotoxic activities,nephrotoxicity
DB04817,DB09449,Metamizole,Sodium phosphate,nephrotoxic activities,nephrotoxic activities,nephrotoxicity
DB04951,DB09449,Pirfenidone,Sodium phosphate,nephrotoxic activities,nephrotoxic activities,nephrotoxicity
DB05528,DB08827,Mipomersen,Lomitapide,hepatotoxic activities,hepatotoxic activities,hepatotoxicity
DB05528,DB09093,Mipomersen,Chlortetracycline,hepatotoxic activities,hepatotoxic activities,hepatotoxicity
DB05528,DB09288,Mipomersen,Propacetamol,hepatotoxic activities,hepatotoxic activities,hepatotoxicity
DB05676,DB09449,Apremilast,Sodium phosphate,nephrotoxic activities,nephrotoxic activities,nephrotoxicity
DB06196,DB09449,Icatibant,Sodium phosphate,nephrotoxic activities,nephrotoxic activities,nephrotoxicity
DB06212,DB09449,Tolvaptan,Sodium phosphate,nephrotoxic activities,nephrotoxic activities,nephrotoxicity
DB06589,DB08860,Pazopanib,Pitavastatin,hepatotoxic activities,hepatotoxic activities,hepatotoxicity
DB06696,DB00447,Arbekacin,Loracarbef,nephrotoxic activities,nephrotoxic activities,nephrotoxicity
DB06696,DB09062,Arbekacin,Cefminox,nephrotoxic activities,nephrotoxic activities,nephrotoxicity
DB06696,DB13682,Arbekacin,Cefpirome,nephrotoxic activities,nephrotoxic activities,nephrotoxicity
DB06725,DB09449,Lornoxicam,Sodium phosphate,nephrotoxic activities,nephrotoxic activities,nephrotoxicity
DB06736,DB09449,Aceclofenac,Sodium phosphate,nephrotoxic activities,nephrotoxic activities,nephrotoxicity
DB06737,DB09449,Zaltoprofen,Sodium phosphate,nephrotoxic activities,nephrotoxic activities,nephrotoxicity
DB06739,DB09449,Seratrodast,Sodium phosphate,nephrotoxic activities,nephrotoxic activities,nephrotoxicity
DB06782,DB09146,Dimercaprol,Iron saccharate,nephrotoxic activities,nephrotoxic activities,nephrotoxicity
DB06802,DB09449,Nepafenac,Sodium phosphate,nephrotoxic activities,nephrotoxic activities,nephrotoxicity
DB07615,DB09449,Tranilast,Sodium phosphate,nephrotoxic activities,nephrotoxic activities,nephrotoxicity
DB08439,DB09449,Parecoxib,Sodium phosphate,nephrotoxic activities,nephrotoxic activities,nephrotoxicity
DB08797,DB09449,Salicylamide,Sodium phosphate,nephrotoxic activities,nephrotoxic activities,nephrotoxicity
DB08822,DB09449,Azilsartan medoxomil,Sodium phosphate,nephrotoxic activities,nephrotoxic activities,nephrotoxicity
DB08880,DB09449,Teriflunomide,Sodium phosphate,nephrotoxic activities,nephrotoxic activities,nephrotoxicity
DB08907,DB09477,Canagliflozin,Enalaprilat,risk or severity of renal failure and hyperkalemia,risk or severity of renal failure,nephrotoxicity
DB08976,DB09449,Floctafenine,Sodium phosphate,nephrotoxic activities,nephrotoxic activities,nephrotoxicity
DB08981,DB09449,Fenbufen,Sodium phosphate,nephrotoxic activities,nephrotoxic activities,nephrotoxicity
DB08984,DB09449,Etofenamate,Sodium phosphate,nephrotoxic activities,nephrotoxic activities,nephrotoxicity
DB08991,DB09449,Epirizole,Sodium phosphate,nephrotoxic activities,nephrotoxic activities,nephrotoxicity
DB09015,DB09449,Canrenoic acid,Sodium phosphate,nephrotoxic activities,nephrotoxic activities,nephrotoxicity
DB09062,DB12615,Cefminox,Plazomicin,nephrotoxic activities,nephrotoxic activities,nephrotoxicity
DB09084,DB09449,Benzydamine,Sodium phosphate,nephrotoxic activities,nephrotoxic activities,nephrotoxicity
DB09125,DB09449,Potassium Citrate,Sodium phosphate,nephrotoxic activities,nephrotoxic activities,nephrotoxicity
DB09212,DB09449,Loxoprofen,Sodium phosphate,nephrotoxic activities,nephrotoxic activities,nephrotoxicity
DB09216,DB09449,Tolfenamic Acid,Sodium phosphate,nephrotoxic activities,nephrotoxic activities,nephrotoxicity
DB09218,DB09449,Clonixin,Sodium phosphate,nephrotoxic activities,nephrotoxic activities,nephrotoxicity
DB09235,DB09449,Efonidipine,Sodium phosphate,nephrotoxic activities,nephrotoxic activities,nephrotoxicity
DB09279,DB09449,Fimasartan,Sodium phosphate,nephrotoxic activities,nephrotoxic activities,nephrotoxicity
DB09288,DB09449,Propacetamol,Sodium phosphate,nephrotoxic activities,nephrotoxic activities,nephrotoxicity
DB09292,DB09449,Sacubitril,Sodium phosphate,nephrotoxic activities,nephrotoxic activities,nephrotoxicity
DB09338,DB09449,Mersalyl,Sodium phosphate,nephrotoxic activities,nephrotoxic activities,nephrotoxicity
DB09401,DB09449,Isosorbide,Sodium phosphate,nephrotoxic activities,nephrotoxic activities,nephrotoxicity
DB09449,DB09477,Sodium phosphate,Enalaprilat,nephrotoxic activities,nephrotoxic activities,nephrotoxicity
DB09449,DB13532,Sodium phosphate,Cyclopenthiazide,nephrotoxic activities,nephrotoxic activities,nephrotoxicity
DB09449,DB14018,Sodium phosphate,Bromotheophylline,nephrotoxic activities,nephrotoxic activities,nephrotoxicity
DB09449,DB11672,Sodium phosphate,Curcumin,nephrotoxic activities,nephrotoxic activities,nephrotoxicity
DB09449,DB12598,Sodium phosphate,Nafamostat,nephrotoxic activities,nephrotoxic activities,nephrotoxicity
DB09449,DB13063,Sodium phosphate,Parthenolide,nephrotoxic activities,nephrotoxic activities,nephrotoxicity
DB09449,DB13167,Sodium phosphate,Alclofenac,nephrotoxic activities,nephrotoxic activities,nephrotoxicity
DB09449,DB13346,Sodium phosphate,Bufexamac,nephrotoxic activities,nephrotoxic activities,nephrotoxicity
DB09449,DB13783,Sodium phosphate,Acemetacin,nephrotoxic activities,nephrotoxic activities,nephrotoxicity
DB12615,DB00447,Plazomicin,Loracarbef,nephrotoxic activities,nephrotoxic activities,nephrotoxicity
DB12615,DB13682,Plazomicin,Cefpirome,nephrotoxic activities,nephrotoxic activities,nephrotoxicity
